   2.0365560e+01
   7.3378800e+00
   1.1997630e+01
   1.0477080e+01
   1.5921630e+01
   7.2986400e+00
   1.5860926e+01
   1.6453067e+01
   1.6462926e+01
   8.8521722e+01
   4.0768114e+01
   1.2458847e+02
   2.6851049e+01
   1.8366871e+01
   2.3426770e+01
   2.6745199e+01
   1.7286299e+01
   2.6268433e+01
   1.8361210e+01
   1.4670669e+01
   2.3903478e+01
   1.4719159e+01
   8.1887239e+00
   1.1594576e+01
   2.0835253e+01
   1.7090972e+01
   3.6878184e+01
   3.8861236e+01
   1.5346224e+01
   1.9658465e+01
   6.6731083e+00
   8.0748072e+00
   1.0152948e+01
   2.4741919e+01
   2.4508519e+01
   7.0673879e+01
   1.0955622e+01
   8.5413325e+00
   1.2238309e+01
   7.6505169e+00
   1.7791416e+01
   8.5507953e+00
   1.8264709e+01
   1.4596515e+01
   1.3890008e+01
   1.8901221e+01
   1.2854730e+01
   2.6410580e+01
   1.2106325e+01
   1.0073114e+01
   1.4108634e+01
   1.2879421e+01
   1.0627438e+01
   1.4815719e+01
   3.5793943e+02
   1.6243790e+02
   3.7358344e+02
   1.6242427e+01
   1.3618939e+01
   1.3356482e+01
   5.8503701e+01
   3.0879820e+01
   6.4920814e+01
   2.2168373e+01
   2.6071929e+01
   2.7854180e+01
   1.5818537e+01
   1.9409585e+01
   1.4619156e+01
   5.9011957e+01
   3.2441768e+01
   8.1532970e+01
   4.1553080e+01
   2.0002041e+01
   2.6591712e+01
   5.1467684e+01
   5.9591748e+01
   5.8766893e+01
   7.7289576e+00
   3.8127958e+00
   1.0475138e+01
   7.8586635e+01
   6.1607290e+01
   6.3946877e+01
   3.4255559e+01
   2.1907692e+01
   3.2967545e+01
   2.0445904e+01
   1.3082910e+01
   2.5680814e+01
   1.6503461e+02
   2.1891211e+02
   1.7757277e+02
   2.3436679e+01
   1.7636222e+01
   2.1113965e+01
   2.7286907e+01
   2.0708714e+01
   2.2630493e+01
   5.0319365e+02
   1.1284296e+02
   5.3435560e+02
   3.5068749e+01
   2.3697448e+01
   3.5281979e+01
   9.3694849e+01
   4.9851055e+01
   7.1760062e+01
   7.0952787e+01
   1.9152308e+01
   4.5774157e+01
   1.7403156e+01
   1.3963466e+01
   2.2560214e+01
   1.0483054e+01
   1.3696055e+01
   1.6119772e+01
   5.5810738e+01
   1.5562604e+01
   2.3980045e+01
   8.7124572e+01
   1.3932064e+01
   1.5951354e+02
   9.9407673e+01
   4.0595251e+01
   1.5839815e+02
   1.0145404e+02
   6.0475707e+01
   1.5653915e+02
   3.4004599e+01
   1.8448294e+01
   2.9057612e+01
   2.1249049e+01
   1.6707509e+01
   1.9973749e+01
   3.4754211e+01
   1.9699912e+01
   4.2914198e+01
   4.2626510e+01
   1.9802034e+01
   5.4254176e+01
   4.3510676e+01
   1.7817314e+01
   3.2201374e+01
   3.2350457e+01
   1.9853890e+01
   3.9974867e+01
   3.7032672e+01
   1.6772392e+01
   3.4077644e+01
   5.1210790e+01
   2.7531824e+01
   6.6958783e+01
   3.0932912e+01
   2.3260079e+01
   4.7689785e+01
   2.0061048e+01
   1.6412611e+01
   1.4534761e+01
   3.3228932e+01
   1.7486482e+01
   3.8530246e+01
   4.7665780e+01
   1.8480156e+01
   3.7168050e+01
   8.5497191e+02
   5.5481044e+02
   5.5481044e+02
   2.7434646e+01
   1.6553884e+01
   2.1821658e+01
   2.1986005e+01
   1.5013077e+01
   1.5230565e+01
   7.8393819e+01
   2.7708257e+01
   4.0277172e+01
   8.5767084e+01
   4.7159319e+01
   3.4510609e+01
   1.0941799e+02
   5.1005427e+01
   8.3673630e+01
   6.8737905e+01
   5.8780686e+01
   7.4462030e+01
   7.2524938e+01
   2.9967735e+01
   5.2045680e+01
   8.1252149e+00
   1.9548838e+01
   1.2378827e+01
   1.9462520e+01
   3.7835934e+01
   3.9534280e+01
   1.4364636e+01
   1.6500989e+01
   1.7884817e+01
   8.0069279e+00
   1.3698939e+01
   1.6370153e+01
   1.0962498e+01
   1.3814197e+01
   9.5618227e+00
   1.8653607e+01
   6.8974345e+00
   1.7085341e+01
   8.2789729e+01
   2.4544473e+02
   9.1691480e+01
   7.0874690e+01
   5.8373699e+01
   6.7228685e+01
   1.9996537e+01
   1.7381799e+01
   2.0850939e+01
   2.3985666e+01
   2.0617334e+01
   1.1113955e+01
   2.1865519e+01
   2.1291045e+01
   2.0388417e+01
   1.6227202e+01
   9.9952815e+00
   1.2077768e+01
   2.1236521e+01
   1.5198819e+01
   2.1283138e+01
   2.5868744e+01
   1.3051822e+01
   3.4015557e+01
   3.3124083e+01
   2.7758288e+01
   2.8283603e+01
   1.2160996e+01
   1.6874171e+01
   1.6176455e+01
   7.7737187e+01
   5.1058411e+01
   7.0640741e+01
   9.5173481e+00
   1.9321138e+01
   2.3863934e+01
   1.1324350e+02
   8.0257984e+01
   1.6544251e+02
   1.4682921e+02
   7.8809793e+01
   1.6601855e+02
   7.1750006e+01
   1.1619278e+02
   1.0734926e+02
   2.5298008e+01
   3.3521476e+01
   2.9526462e+01
   1.2076120e+01
   7.3391671e+00
   1.8766432e+01
   5.8740710e+01
   4.2660551e+01
   9.3438680e+01
   1.1528221e+02
   1.2163811e+02
   1.5570824e+02
   3.5751319e+01
   2.4293974e+01
   6.5489873e+01
   1.5646832e+01
   2.0821970e+01
   2.8567318e+01
   1.8829530e+01
   1.7809005e+01
   2.0988122e+01
   6.2380328e+01
   6.1609566e+01
   3.8194784e+01
   7.6786303e+01
   8.6297197e+01
   1.1110708e+02
   1.0960321e+02
   2.3714792e+01
   7.3853310e+01
   1.1699033e+02
   5.3084421e+01
   1.1860849e+02
   4.9996861e+01
   2.1332041e+01
   8.5103025e+01
   1.7256938e+01
   9.4189126e+00
   5.8343602e+01
   3.2466980e+02
   1.7596687e+02
   4.0284078e+02
   1.0505627e+02
   9.7385145e+01
   1.0408508e+02
   8.8094094e+02
   7.0335444e+02
   8.2998878e+02
   2.5130689e+01
   1.8142506e+01
   2.3321725e+01
   3.5031638e+01
   1.2161467e+01
   1.9858726e+01
   2.8128782e+01
   1.1700083e+01
   2.4328182e+01
   7.7114242e+01
   1.8436639e+01
   5.6290839e+01
   2.2217148e+01
   2.5386583e+01
   1.8766216e+01
   9.4048195e+00
   1.5893318e+01
   1.9279083e+01
   1.1708843e+01
   1.1898284e+01
   1.8773348e+01
   3.2057030e+01
   2.8763499e+01
   6.0800771e+01
   8.6043510e+01
   4.8078810e+01
   9.4450680e+01
   2.1430730e+01
   8.3963162e+00
   1.6457325e+01
   1.3346407e+02
   1.0345822e+02
   2.1841769e+02
   5.0079903e+01
   2.3726025e+01
   4.9487918e+01
   7.6472658e+00
   1.5968277e+01
   6.9289462e+00
   7.2839740e+01
   4.4619215e+01
   5.0496386e+01
   1.2297816e+02
   5.4100875e+01
   7.0502312e+01
   4.9075889e+01
   2.8339099e+01
   4.6843348e+01
   4.9586352e+01
   3.5061372e+01
   1.8659336e+01
   1.5637140e+01
   1.4756202e+02
   1.8413370e+01
   9.6268179e+01
   8.9764051e+01
   7.7881099e+01
   1.7829283e+01
   6.6075235e+00
   1.0267538e+01
   3.5761031e+01
   2.2999623e+01
   2.8844490e+01
   2.7474671e+02
   1.3589891e+02
   2.0920610e+02
   4.7347867e+01
   2.5929400e+01
   3.6783380e+01
   7.9120691e+01
   4.0361087e+01
   6.3327474e+01
   1.0062912e+01
   1.4138084e+01
   9.2583709e+00
   2.5993116e+01
   2.2377434e+01
   2.9935235e+01
   4.2653007e+01
   2.1610537e+01
   3.6346040e+01
   1.7570151e+01
   2.1566255e+01
   1.8441162e+01
   4.4642965e+01
   4.4887637e+01
   5.0144462e+01
   3.6350366e+01
   1.9734002e+01
   4.2416733e+01
   3.0243543e+01
   1.9267183e+01
   4.1059382e+01
   3.2176525e+01
   2.5402720e+01
   3.3967272e+01
   2.2952761e+01
   2.5549036e+01
   2.8686824e+01
   1.6397582e+01
   1.0498328e+01
   2.2064093e+01
   6.6821786e+00
   1.1201647e+01
   6.9282193e+00
   7.6773590e+01
   3.4539038e+01
   6.8586792e+01
   2.6094600e+01
   1.4391270e+01
   3.0862260e+01
   6.9628633e+01
   4.5989084e+01
   1.1292585e+02
   6.9438221e+01
   3.5063785e+01
   3.5794924e+01
   6.6811888e+01
   5.0906641e+01
   1.0227023e+02
   5.6474012e+01
   3.4452328e+01
   5.3169121e+01
   8.6351112e+00
   8.6879871e+00
   1.6664924e+01
   7.7449950e+01
   8.7848158e+01
   9.1249088e+01
   1.4547641e+02
   9.2714408e+01
   6.9967765e+01
   1.9855518e+01
   5.3414361e+00
   8.1845801e+00
   8.2700851e+00
   8.6996012e+00
   1.8919644e+01
   3.3059484e+01
   3.1352544e+01
   7.9635746e+01
   8.6797252e+01
   4.7449361e+01
   3.4916968e+01
   5.9211492e+01
   4.6279264e+01
   8.1834431e+01
   1.1493690e+02
   4.2877450e+01
   8.4443303e+01
   5.2874585e+01
   1.1428140e+01
   5.5428187e+01
   1.7203797e+01
   1.3582955e+01
   1.7150342e+01
   3.6982327e+01
   3.2545852e+01
   5.5965854e+01
   5.5102770e+01
   3.3432480e+01
   4.1408010e+01
   3.9757370e+01
   1.4200681e+01
   1.3978259e+01
   1.3058876e+01
   1.2894578e+01
   1.0526944e+01
   2.8568653e+01
   1.5729119e+01
   2.3291628e+01
   3.5088869e+01
   3.5451692e+01
   5.4939630e+01
   2.0030146e+01
   1.1645294e+01
   1.5283852e+01
   1.6651788e+01
   1.2941450e+01
   1.6525122e+01
   8.0105556e+01
   4.1117987e+01
   7.3945151e+01
   1.6043205e+01
   1.3697654e+01
   6.8638706e+00
   2.5493404e+01
   1.3287429e+01
   1.6717299e+01
   8.4817260e+01
   4.4566830e+01
   5.3778420e+01
   2.3176400e+01
   1.7598630e+01
   2.9838655e+01
   2.6264166e+01
   1.8269840e+01
   4.0414944e+01
   2.6082288e+01
   1.5427687e+01
   2.9409115e+01
   2.5344606e+01
   1.9718424e+01
   2.7773954e+01
   5.6252159e+00
   9.2837269e+00
   5.0836548e+00
   6.6784371e+01
   4.2744112e+01
   8.1025450e+01
   4.6694658e+01
   3.0127422e+01
   3.9371003e+01
   4.7946247e+01
   2.5327536e+01
   5.4290433e+01
   1.1609183e+02
   4.5724322e+01
   1.0789764e+02
   5.7886838e+01
   3.2437246e+01
   4.3824929e+01
   3.2470129e+01
   2.2147164e+01
   2.9683893e+01
   8.5746964e+01
   3.9562837e+01
   7.8550406e+01
   2.1248264e+02
   1.1138029e+02
   1.3974355e+02
   1.0173902e+02
   5.8139838e+01
   1.0435162e+02
   8.1676824e+01
   4.1133389e+01
   9.6782772e+01
   7.2948592e+01
   6.1732270e+01
   9.6050034e+01
   1.3527813e+02
   8.6502078e+01
   1.3489270e+02
   4.5854893e+01
   4.5593015e+01
   6.0517468e+01
   4.6053349e+01
   2.4162069e+01
   4.2304046e+01
   3.1323330e+01
   1.8570330e+01
   1.7765910e+01
   2.3911169e+01
   9.8067254e+00
   1.7380142e+01
   1.7096436e+01
   1.2271623e+01
   2.2456493e+01
   3.3934899e+01
   2.4308994e+01
   3.3537967e+01
   7.3584526e+00
   1.0038867e+01
   8.0515477e+00
   8.7205406e+01
   3.5226140e+01
   7.3810146e+01
   3.7312266e+01
   3.0615941e+01
   3.7866767e+01
   6.9071661e+01
   2.0376842e+01
   5.5875337e+01
   2.3346642e+02
   1.5767162e+02
   2.3267692e+02
   7.3800630e+01
   6.4765620e+01
   7.5674340e+01
   2.1138745e+01
   2.0794296e+01
   2.5440656e+01
   9.8992710e+00
   8.0053701e+00
   1.4142537e+01
   3.2052605e+01
   2.2152814e+01
   3.6652318e+01
   1.7824966e+02
   8.4771545e+01
   2.1123088e+02
   2.9937667e+01
   2.5433700e+01
   3.2951299e+01
   1.2929580e+01
   1.3920390e+01
   1.4018490e+01
   5.2292185e+01
   1.7190504e+01
   3.2337596e+01
   3.5294418e+01
   4.1112543e+01
   3.2605095e+01
   7.2539947e+01
   6.1881578e+01
   8.0431994e+01
   1.1928960e+02
   2.2307940e+01
   8.4601440e+01
   9.5208905e+00
   1.0726431e+01
   6.9778324e+00
   1.1885796e+02
   4.2359776e+01
   7.0733926e+01
   3.4175921e+01
   1.2937320e+01
   3.9507685e+01
   1.9511207e+01
   1.4582074e+01
   1.4526942e+01
   2.8143732e+01
   1.2480635e+01
   2.9942788e+01
   3.8695349e+01
   2.0717739e+01
   6.2364328e+01
   4.7880157e+01
   2.0136496e+01
   2.8138415e+01
   8.6426100e+01
   2.6918640e+01
   2.7477810e+01
   9.0726755e+00
   6.9513670e+00
   1.3448951e+01
   1.6425373e+01
   1.1693029e+01
   2.3900397e+01
   2.6309782e+01
   1.9786799e+01
   3.2077209e+01
   2.5025310e+01
   3.8337480e+01
   2.6339850e+01
   1.3520809e+02
   9.2460604e+01
   1.1308409e+01
   1.8073777e+01
   1.2953046e+01
   3.7310510e+00
   3.5701837e+00
   4.8996310e+00
   3.5580870e+01
   1.9247220e+01
   3.3873930e+01
   2.9331900e+01
   3.8396340e+01
   3.9328290e+01
   6.4626024e+01
   4.5234597e+01
   4.8723916e+01
   1.5160639e+01
   1.7928118e+01
   6.3767433e+00
   2.4639993e+01
   1.2258615e+01
   9.7787306e+00
   6.5799810e+00
   1.3312906e+01
   1.0599283e+01
   3.6498144e+01
   3.7619633e+01
   5.7057128e+01
   5.1816086e+01
   2.7463330e+01
   4.3524282e+01
   4.9942053e+01
   2.2628089e+01
   4.3177361e+01
   5.0246820e+01
   1.8246600e+01
   5.1482880e+01
   1.0117583e+02
   5.9028909e+01
   1.0000412e+02
   3.8671020e+01
   4.1545350e+01
   3.9965940e+01
   2.2782744e+02
   3.1524435e+02
   2.7266895e+02
   4.4821890e+01
   3.4472340e+01
   4.7303820e+01
   2.4348420e+01
   2.3563620e+01
   2.6908830e+01
   6.7031730e+01
   3.6424530e+01
   5.9497650e+01
   4.0544730e+01
   2.6967690e+01
   3.5217900e+01
   2.7075600e+01
   3.4236900e+01
   3.3138180e+01
   8.8480353e+00
   6.9993732e+00
   6.7489092e+00
   3.4195884e+01
   1.9754122e+01
   6.2036409e+01
   3.2608440e+01
   2.4544620e+01
   5.1188580e+01
   2.7975520e+01
   2.8404021e+01
   3.7191711e+01
   3.0034590e+01
   2.8399813e+01
   2.7371136e+01
   2.7605340e+01
   1.9727910e+01
   5.8153680e+01
   4.7552405e+01
   9.5050954e+01
   9.6069036e+01
   1.7979523e+01
   2.0039750e+01
   1.6962451e+01
   8.8170612e+01
   1.0321493e+02
   1.7458268e+02
   9.5774441e+01
   6.6287151e+01
   7.4977143e+01
   6.3952175e+01
   3.4597908e+01
   1.1271298e+02
   9.8659170e+01
   1.1272671e+02
   1.6730955e+02
   2.0324937e+01
   1.3815590e+01
   1.5284539e+01
   1.3331447e+02
   7.5940456e+01
   1.7977875e+02
   5.2872270e+01
   3.2909705e+01
   8.1453215e+01
   3.6459689e+01
   3.2527694e+01
   5.9256962e+01
   2.4627073e+01
   2.1789295e+01
   1.4041906e+01
   1.8860441e+01
   1.4965518e+01
   1.7851826e+01
   3.3437728e+01
   3.5371319e+01
   3.7725983e+01
   2.3467904e+02
   1.7384841e+02
   1.0215290e+02
   8.6808690e+01
   5.3455504e+01
   4.6833597e+01
   2.3200846e+01
   1.6345520e+01
   2.9255578e+01
   1.2878784e+01
   1.9016607e+01
   2.0577721e+01
   1.3559490e+01
   1.0822480e+01
   3.0138773e+01
   1.0141676e+01
   1.1020328e+01
   1.5048618e+01
   5.2493310e+01
   3.3491340e+01
   4.6989900e+01
   1.5833634e+02
   1.3008747e+02
   1.2417694e+02
   7.4359800e+01
   1.0020915e+02
   8.1020790e+01
   5.4287265e+01
   4.3266318e+01
   6.9945496e+01
   1.8100853e+01
   1.9281437e+01
   1.7993100e+01
   1.9898251e+01
   1.3535642e+01
   2.2077405e+01
   4.8603449e+01
   3.8365929e+01
   8.3307010e+01
   1.6389047e+01
   9.5270531e+00
   1.1227702e+01
   2.7458190e+01
   2.1248460e+01
   3.1784400e+01
   1.9124664e+01
   1.5381697e+01
   2.1241279e+01
   1.5245005e+02
   1.2795889e+02
   2.2114948e+02
   6.8640276e+01
   4.4609503e+01
   9.6659107e+01
   3.4253086e+02
   2.6077629e+02
   2.5434191e+02
   8.2971420e+01
   5.5045254e+01
   7.3585457e+01
   1.3637175e+02
   1.5662646e+02
   1.7027904e+02
   1.2411455e+02
   1.7006891e+02
   1.8934722e+02
   1.5051218e+01
   2.5393783e+01
   2.6231126e+01
   8.6651730e+01
   1.0989162e+02
   3.1639595e+01
   2.0330862e+01
   2.7402204e+01
   2.2602240e+01
   1.8746910e+01
   2.3131980e+01
   2.3096399e+02
   6.4592552e+01
   6.5484889e+01
   2.8431342e+02
   2.0001609e+02
   2.7880020e+02
   1.9596103e+01
   1.4927799e+01
   1.6110777e+01
   2.0174069e+02
   8.4413775e+01
   1.4914045e+02
   8.5050905e+00
   8.6696424e+00
   1.4474704e+01
   1.5306631e+01
   1.2806543e+01
   6.0393440e+00
   1.1629098e+01
   9.6142052e+00
   1.2623233e+01
   2.1568855e+01
   1.6561929e+01
   1.5609986e+01
   3.7827360e+01
   3.2794830e+01
   1.4901390e+01
   6.6186147e+01
   2.3270262e+01
   4.5498034e+01
   7.0162336e+00
   8.9531406e+00
   8.1351426e+00
   5.8567289e+01
   4.4958063e+01
   5.9625847e+01
   1.2871848e+02
   5.9853763e+01
   6.2900248e+01
   3.4793235e+01
   2.3128360e+01
   3.3753247e+01
   2.3534190e+01
   1.5362460e+01
   2.2425660e+01
   5.6397690e+01
   3.6346050e+01
   6.0880860e+01
   1.8878099e+01
   1.9455938e+01
   2.5160914e+01
   4.1787402e+01
   2.2825231e+01
   4.7272418e+01
   3.5044744e+01
   3.1104116e+01
   4.5471744e+01
   2.2360188e+01
   2.2423021e+01
   3.7610951e+01
   2.6977500e+01
   2.0218410e+01
   2.6869590e+01
   4.0536107e+01
   3.9209471e+01
   5.4574864e+01
   1.2861499e+01
   9.9937413e+00
   1.7489759e+01
   9.7777173e+00
   1.6536913e+01
   1.4105132e+01
   1.1192160e+02
   1.0609741e+02
   6.9724369e+01
   3.6002582e+01
   2.6141050e+01
   5.5648991e+01
   6.2592499e+00
   1.0397629e+01
   1.2305615e+01
   9.8243520e+01
   2.7030778e+01
   6.8442810e+01
   1.7732674e+01
   1.8514521e+01
   1.3268300e+01
   2.2450371e+01
   1.6755039e+01
   3.5023250e+01
   6.2671793e+01
   5.9017137e+01
   7.3688227e+01
   5.2149960e+01
   4.6479780e+01
   4.8029760e+01
   2.1434850e+01
   1.2213450e+01
   2.2572810e+01
   3.7373451e+01
   1.2676835e+01
   4.4757272e+01
   7.3871154e+00
   6.9540294e+00
   1.0090223e+01
   4.3599368e+01
   7.2902642e+00
   2.2462928e+01
   3.2877430e+01
   3.2509261e+01
   7.7865207e+01
   1.7297963e+01
   1.7022518e+01
   1.4329742e+01
   4.5587560e+01
   3.3792213e+01
   6.9551625e+01
   3.1039919e+01
   1.6649267e+01
   2.5898263e+01
   3.6848597e+01
   1.4580162e+01
   3.0590386e+01
   6.9314125e+01
   2.7665181e+01
   4.3536191e+01
   1.1148182e+02
   5.1313854e+01
   7.8252604e+01
   8.4482307e+00
   5.3773486e+00
   6.9289678e+00
   9.6379424e+01
   4.9367550e+01
   7.8079458e+01
   5.2823613e+01
   2.3403099e+01
   5.7073570e+01
   3.4041691e+01
   1.6864204e+01
   2.4249771e+01
   1.2237681e+02
   9.3025974e+01
   6.6861232e+01
   6.7316809e+01
   8.4311064e+01
   1.0682305e+02
   1.1627509e+01
   9.1209407e+00
   9.8039669e+00
   1.1227074e+02
   6.8928072e+01
   7.2794055e+01
   1.5709469e+01
   1.7590900e+01
   7.6449654e+00
   6.8517356e+01
   8.8109202e+01
   1.1357331e+02
   1.2458700e+02
   6.4412460e+01
   1.0679166e+02
   1.0686720e+02
   5.6748005e+01
   8.4538166e+01
   1.1955329e+02
   6.6630364e+01
   8.3201887e+01
   2.9626200e+01
   1.6559280e+01
   4.2565590e+01
   2.6061226e+01
   3.0996451e+01
   2.2253475e+01
   1.3714380e+01
   5.5043910e+01
   2.0659860e+01
   1.5234047e+02
   3.4389838e+01
   9.3336460e+01
   3.1750016e+01
   1.9540598e+01
   1.3356825e+01
   3.0027233e+01
   1.9354767e+01
   4.0611036e+01
   5.2510772e+01
   2.9668481e+01
   6.1046551e+01
   2.0671612e+01
   1.1796682e+01
   2.9793676e+01
   2.8140750e+01
   1.0466034e+01
   1.9233378e+01
   2.9989170e+01
   1.1575800e+01
   2.2925970e+01
   6.0625015e+01
   4.8091955e+01
   4.5988789e+01
   1.6292840e+01
   1.7194291e+01
   1.6141727e+01
   3.4804497e+01
   3.1092589e+01
   3.5429737e+01
   1.8244972e+01
   2.0650089e+01
   3.8720502e+01
   2.5598361e+01
   1.7399065e+01
   3.8851259e+01
   2.4829110e+01
   1.4508990e+01
   1.9737720e+01
   1.4563249e+01
   1.3541361e+01
   1.4052982e+01
   4.4870940e+01
   1.4224500e+01
   4.4870940e+01
   4.2830460e+01
   1.4077350e+01
   3.6257760e+01
   1.0374075e+02
   6.2999820e+01
   2.4861405e+01
   1.4668442e+01
   2.9989013e+01
   1.0101063e+02
   5.5655465e+01
   5.2878843e+01
   1.7841496e+01
   1.5951305e+01
   2.2496155e+01
   1.5533174e+01
   8.2880011e+00
   1.0379500e+01
   1.5401867e+01
   1.2527527e+01
   2.2662464e+01
   9.1164624e+01
   4.3307716e+01
   9.9091791e+01
   3.5534694e+01
   2.5617177e+01
   7.2373422e+01
   5.4671228e+01
   3.1192857e+01
   4.7330013e+01
   2.9703110e+01
   2.2990834e+01
   2.5801556e+01
   1.4606580e+01
   2.5864428e+01
   8.0084445e+01
   1.5746914e+01
   1.3998644e+01
   1.7717978e+01
   2.0069014e+01
   2.3248130e+01
   1.6081415e+01
   5.2504395e+01
   2.7749449e+01
   4.7042285e+01
   7.8902811e+01
   4.9773488e+01
   1.3523870e+02
   6.7129536e+01
   4.0827454e+01
   5.2538730e+01
   3.6421018e+01
   1.8753306e+01
   3.0461649e+01
   9.2331720e+01
   3.9083040e+01
   7.7096790e+01
   3.2102107e+01
   1.4083658e+01
   3.4614183e+01
   1.6653711e+02
   8.7150147e+01
   9.5842189e+01
   5.9172448e+01
   5.7591567e+01
   4.2068419e+01
   3.6055027e+01
   5.7243753e+01
   5.3001095e+01
   1.5469291e+02
   8.7989029e+01
   2.7726415e+01
   2.4045821e+01
   2.4951097e+01
   1.9290668e+01
   1.7717184e+01
   1.8118746e+01
   1.0962028e+02
   3.9238587e+01
   4.8927542e+01
   5.8742476e+01
   3.0987828e+01
   4.0602903e+01
   3.3669892e+01
   2.7372107e+01
   5.7566169e+01
   1.7808113e+01
   1.2064985e+01
   1.9824126e+01
   1.5556070e+01
   1.4136936e+01
   1.2290851e+01
   2.0122556e+01
   1.7105903e+01
   2.9902273e+01
   1.6866382e+01
   9.1551737e+00
   2.0259092e+01
   3.0455734e+02
   1.2727494e+02
   2.4061085e+02
   7.3179588e+01
   2.4334254e+01
   6.9765846e+01
   3.5839756e+01
   2.2401949e+01
   1.8173967e+01
   4.4052197e+01
   3.5482966e+01
   3.5174932e+01
   9.6626047e+01
   3.5873404e+01
   1.0211033e+02
   3.4122653e+01
   1.0356594e+01
   1.7875919e+01
   2.5633530e+01
   2.3220270e+01
   1.6441560e+01
   1.3998164e+02
   5.9141851e+01
   1.3986755e+02
   2.0899695e+01
   1.4102228e+01
   1.4844884e+01
   1.0738369e+01
   2.8685725e+01
   1.2281492e+01
   3.0543190e+01
   1.5546604e+01
   3.4495276e+01
   2.0071182e+02
   9.7163017e+01
   1.3366017e+02
   1.2715477e+02
   7.4802672e+01
   2.1120469e+02
   9.2115782e+01
   8.3803112e+01
   7.9576532e+01
   9.5789470e+00
   1.2248580e+01
   1.3088561e+01
   1.0996029e+02
   8.5278330e+01
   1.8436914e+02
   7.4165121e+00
   1.1751850e+01
   2.7339548e+01
   3.3908069e+01
   1.3005578e+02
   3.4357877e+01
   8.5881537e+01
   7.0748013e+01
   3.8982262e+01
   9.9722868e+01
   6.2323911e+02
   5.3576334e+02
   5.3609688e+02
   3.9568772e+01
   2.4124271e+01
   3.8764568e+01
   4.6774080e+01
   2.8900260e+01
   3.3932790e+01
   1.2997269e+02
   5.4072720e+01
   5.9056200e+01
   1.2040421e+01
   1.7161673e+01
   1.5072584e+01
   2.9577150e+01
   1.5823530e+01
   2.7781920e+01
   1.5518419e+01
   2.1045717e+01
   1.2465371e+01
   3.8209950e+01
   3.1509720e+01
   4.4007660e+01
   1.3341600e+01
   2.2366800e+01
   2.0208600e+01
   3.9897270e+01
   1.4558040e+01
   1.4293170e+01
   6.9248790e+01
   4.5086760e+01
   7.5458520e+01
   1.7047789e+02
   7.7936065e+01
   2.1200057e+02
   5.2232884e+01
   2.7796861e+01
   5.9264162e+01
   5.2875900e+01
   3.0204990e+01
   5.0305680e+01
   1.2218178e+01
   1.2192398e+01
   1.8977278e+01
   2.5450868e+01
   2.3622382e+01
   2.7449655e+01
   2.6016159e+01
   2.1996198e+01
   2.9205606e+01
   7.3644455e+01
   4.2736156e+01
   1.4522292e+02
   3.7208349e+01
   2.5213270e+01
   6.5495680e+01
   4.0677469e+02
   1.9613221e+02
   3.9907394e+02
   3.6596107e+01
   1.3912248e+01
   4.9358034e+01
   2.2958245e+01
   1.5460756e+01
   3.7984124e+01
   3.6760179e+01
   2.2043678e+01
   2.7864020e+01
   4.1211359e+01
   2.9666235e+01
   3.9332449e+01
   9.5309035e+01
   8.7557056e+01
   1.2109562e+02
   2.5124558e+01
   1.1610773e+01
   2.1731347e+01
   2.2226223e+01
   1.4745431e+01
   2.5210660e+01
   5.7045356e+01
   7.9653933e+01
   4.5987092e+01
   8.8717726e+01
   2.7493584e+01
   5.6513056e+01
   2.1058950e+01
   1.3513324e+01
   3.8856360e+01
   1.7378690e+02
   1.1299217e+02
   2.0141382e+02
   4.4321580e+01
   2.4368040e+01
   3.3265710e+01
   5.3126339e+01
   2.4380734e+01
   4.6899040e+01
   2.5260750e+01
   1.5646950e+01
   3.7797930e+01
   1.4489370e+01
   1.6912440e+01
   2.1954780e+01
   2.9067030e+01
   1.1359980e+01
   4.0937130e+01
   1.6235550e+01
   7.2103500e+00
   2.8076220e+01
   3.2203287e+02
   1.4253930e+02
   3.2240565e+02
   1.0219185e+02
   2.9793470e+01
   7.4887146e+01
   3.9064254e+01
   2.9932076e+01
   7.2167775e+01
   1.9914300e+02
   9.1468440e+01
   9.9728460e+01
   2.5165495e+01
   4.7239741e+01
   3.6061943e+01
   1.6934483e+01
   1.9930899e+01
   1.3523154e+01
   1.7412750e+01
   9.9571500e+00
   1.2380220e+01
   2.9940120e+01
   1.7550090e+01
   1.4970060e+01
   2.0512710e+01
   9.0153900e+00
   4.8736080e+01
   4.9373730e+01
   2.9184750e+01
   1.0105281e+02
   1.9649430e+01
   1.0329930e+01
   2.2082310e+01
   1.4357887e+01
   1.2908881e+01
   1.6610959e+01
   2.1846870e+01
   1.2811860e+01
   2.2837680e+01
   2.4315655e+01
   2.0649726e+01
   3.0549184e+01
   4.5677224e+01
   2.2029630e+01
   5.0963342e+01
   6.6207690e+01
   3.1902120e+01
   5.7447360e+01
   1.6096954e+01
   1.6431534e+01
   1.9359888e+01
   1.5195690e+01
   1.5852960e+01
   1.8050400e+01
   2.4257148e+01
   1.5191050e+01
   2.5346097e+01
   2.8118531e+01
   1.2361120e+01
   2.8918860e+01
   2.1714925e+01
   9.5741382e+00
   2.5809129e+01
   4.3918399e+01
   6.4741615e+01
   1.0102907e+02
   2.1405420e+01
   1.1477700e+01
   2.3210460e+01
   1.3138504e+01
   4.8587890e+01
   2.8913729e+01
   2.2546872e+01
   7.4906443e+00
   1.8691513e+01
   9.9157518e+01
   4.5411187e+01
   6.1037683e+01
   2.8394113e+01
   1.7088480e+01
   3.8662525e+01
   5.8595130e+01
   1.8344700e+01
   5.7653370e+01
   1.9442341e+01
   2.7263089e+01
   5.2850718e+01
   8.4542580e+01
   7.3202220e+01
   9.2861460e+01
   1.6085849e+01
   1.4367981e+01
   3.6318680e+01
   4.9334686e+01
   2.2419676e+01
   7.0814564e+01
   5.3130077e+01
   3.5293535e+01
   8.9738250e+01
   3.4525912e+01
   1.7910323e+01
   3.5025173e+01
   7.1172040e+01
   3.2359855e+01
   4.9589746e+01
   7.8572430e+01
   4.1811172e+01
   1.2528331e+02
   5.5011115e+01
   1.7106119e+01
   6.8397910e+01
   4.4142646e+01
   2.8650105e+01
   9.3021265e+01
   2.1748064e+02
   1.1627106e+02
   1.9662821e+02
   2.1798252e+01
   1.9477981e+01
   3.0480553e+01
   2.3843666e+01
   1.9639051e+01
   2.1945912e+01
   1.4234310e+01
   1.7481420e+01
   2.3249700e+01
   9.1654830e+01
   6.1155540e+01
   1.3579983e+02
   4.3625070e+02
   1.3377897e+02
   3.2883120e+02
   2.7517541e+02
   1.3566171e+02
   8.3371031e+00
   7.1197301e+00
   9.5654701e+00
   2.7241389e+01
   9.2815353e+00
   1.6115574e+01
   4.8972069e+01
   2.3251956e+01
   8.7709179e+01
   3.1330099e+01
   1.8584849e+01
   5.1798370e+01
   3.1633228e+01
   1.8751324e+01
   3.6140923e+01
   2.6621436e+01
   1.3755062e+01
   2.2952781e+01
   4.9127989e+01
   3.0258553e+01
   5.1202020e+01
   3.7010207e+01
   2.6878949e+01
   2.9576493e+01
   1.2231824e+01
   1.0873139e+01
   1.7325510e+01
   4.5384650e+01
   6.7866973e+01
   1.0309349e+02
   8.5673182e+01
   4.4621668e+01
   4.8852623e+01
   1.1572582e+01
   7.6305201e+00
   1.4209412e+01
   8.4534928e+01
   4.8348193e+01
   4.7093297e+01
   2.7869043e+01
   1.3739503e+01
   1.8906852e+01
   2.7118430e+01
   1.7660668e+01
   2.1044098e+01
   1.2929855e+01
   1.3408573e+01
   1.5358173e+01
   1.0168359e+02
   4.0035689e+01
   9.5322887e+01
   1.8500385e+01
   1.2192113e+01
   1.4877405e+01
   2.0993400e+01
   1.5028920e+01
   2.7772110e+01
   1.9875060e+01
   1.7952300e+01
   2.1837060e+01
   1.6208327e+01
   1.0064001e+01
   2.1437312e+01
   1.3579434e+01
   1.0985052e+01
   9.3443625e+00
   8.7799353e+00
   1.3282946e+01
   1.0895467e+01
   4.3844726e+01
   7.5492002e+01
   4.5968767e+01
   8.4953619e+00
   1.6178318e+01
   1.5253961e+01
   1.6760336e+01
   2.3560589e+01
   2.7853523e+01
   2.5058919e+01
   1.4954747e+01
   1.9305472e+01
   4.1458816e+01
   2.3809213e+01
   4.2708453e+01
   4.6544958e+01
   3.6181988e+01
   8.2640254e+01
   9.2926353e+01
   5.2011973e+01
   1.0922631e+02
   1.3019704e+01
   1.3601800e+01
   1.3089179e+01
   8.1634543e+01
   5.2135431e+01
   7.3072718e+01
   6.7502610e+01
   3.5816310e+01
   6.6688380e+01
   6.1407755e+01
   1.4117031e+01
   3.6333650e+01
   1.6867795e+02
   7.4376477e+01
   2.1075323e+02
   1.1770823e+02
   5.2395799e+01
   9.2212136e+01
   1.6472167e+01
   8.5920394e+00
   2.3387138e+01
   2.4009681e+01
   1.1539797e+01
   2.1167429e+01
   2.3774927e+01
   1.4454054e+01
   1.5072574e+01
   6.4965352e+01
   3.8339638e+01
   7.4814690e+01
   5.3087305e+01
   2.2846999e+01
   5.0953336e+01
   9.5583735e+00
   1.1133565e+01
   1.4161226e+01
   3.2567434e+01
   2.3819563e+01
   5.0028744e+01
   2.8525616e+01
   2.7307312e+01
   5.1518785e+01
   3.6936514e+01
   2.0170341e+01
   5.1231548e+01
   4.1488844e+01
   2.4780354e+01
   4.8015634e+01
   6.2395916e+01
   2.5491285e+01
   5.8420021e+01
   2.1319092e+02
   6.1060285e+01
   2.4534221e+02
   1.8281131e+01
   6.7293461e+00
   1.7562352e+01
   2.3450609e+01
   1.6518176e+01
   2.2415359e+01
   5.7921674e+01
   2.1607212e+01
   4.8856154e+01
   1.9705543e+01
   1.0103613e+01
   2.2114192e+01
   1.2336762e+01
   9.5687525e+00
   1.0408900e+01
   2.9691927e+01
   2.0516143e+01
   2.7317024e+01
   2.9810824e+01
   2.0683600e+01
   4.3698841e+01
   1.9324817e+02
   7.1430436e+01
   1.8025875e+02
   2.5850429e+01
   1.6576840e+01
   2.1420037e+01
   3.6051554e+01
   2.9974063e+01
   4.7525330e+01
   1.4536752e+01
   1.1351151e+01
   1.7751097e+01
   5.6183704e+01
   3.5364403e+01
   8.8457260e+01
   1.1174669e+02
   3.6902964e+01
   8.4009505e+01
   1.1396277e+01
   6.7576479e+00
   1.0296380e+01
   9.6674803e+01
   5.1010038e+01
   9.5671338e+01
   4.3313671e+02
   1.7909214e+02
   4.9369718e+02
   4.2277765e+01
   1.9222303e+01
   2.6246066e+01
   3.0636532e+02
   1.0456185e+02
   2.5799613e+02
   2.4431216e+02
   1.1680080e+02
   2.8239655e+02
   2.2040323e+01
   1.2598100e+01
   1.9578504e+01
   1.3440583e+01
   7.5198261e+00
   1.5455851e+01
   1.5304973e+01
   9.7454110e+00
   2.2764694e+01
   2.8552201e+01
   1.5405820e+01
   3.9193991e+01
   9.8712144e+02
   9.6484097e+02
   9.8189271e+02
   1.3857508e+01
   6.1969378e+00
   6.7592077e+00
   2.3463970e+01
   1.3807889e+01
   2.1203030e+01
   1.5863653e+01
   1.0449318e+01
   1.9496100e+01
   1.7786511e+02
   1.1196153e+02
   1.8067077e+02
   2.6769037e+01
   8.5482967e+00
   1.8004195e+01
   1.3004725e+01
   9.1213576e+00
   1.0794826e+01
   1.1095699e+01
   4.4638443e+00
   1.0589797e+01
   1.2633612e+01
   7.5504136e+00
   7.9275885e+00
   2.8871615e+01
   1.5769477e+01
   2.7279550e+01
   1.8694819e+02
   1.0003257e+02
   1.2310471e+02
   1.3567328e+01
   1.5246800e+01
   1.3193273e+01
   2.6201725e+01
   2.6874691e+01
   2.2349142e+01
   1.8255233e+01
   8.3516258e+00
   1.6156776e+01
   1.4610425e+01
   9.6441521e+00
   2.5771459e+01
   1.7908842e+02
   4.6903768e+01
   1.2449577e+02
   2.7411396e+01
   1.4506047e+01
   1.8487239e+01
   4.5879800e+00
   1.0619815e+01
   7.1910439e+00
   2.8691994e+01
   2.9166013e+01
   2.6754126e+01
   2.5999639e+01
   1.4038699e+01
   3.5167869e+01
   1.2699339e+01
   4.8996535e+00
   8.7214137e+00
   1.1382249e+01
   6.2725729e+00
   1.2057177e+01
   2.3625227e+01
   1.8988138e+01
   2.5864850e+01
   7.4252871e+00
   5.9896721e+00
   1.1126796e+01
   1.7932189e+01
   2.0144639e+01
   3.5950609e+01
   1.1382249e+01
   6.2725729e+00
   1.2057177e+01
   2.3625227e+01
   1.8988138e+01
   2.5864850e+01
   7.4252871e+00
   5.9896721e+00
   1.1126796e+01
   1.7932189e+01
   2.0144639e+01
   3.5950609e+01
   3.5317099e+01
   2.0759225e+01
   2.9291257e+01
   1.2514028e+01
   6.1021633e+00
   1.4085885e+01
   1.7441591e+01
   8.8918232e+00
   3.1230331e+01
   8.2947768e+01
   4.7718489e+01
   5.8486337e+01
   7.2841585e+01
   3.9545827e+01
   5.3927836e+01
   6.4909336e+01
   2.3997124e+01
   5.3202377e+01
   1.9352383e+01
   1.3551044e+01
   3.7882100e+01
   1.4325347e+02
   3.4283988e+01
   1.0170616e+02
   4.3159605e+01
   2.1918091e+01
   6.3155485e+01
   2.4117100e+01
   1.2332053e+01
   2.1425629e+01
   1.4292876e+01
   1.3145302e+01
   2.7639577e+01
   3.5899106e+01
   1.3805417e+01
   3.8142261e+01
   2.4117100e+01
   1.2332053e+01
   2.1425629e+01
   1.4655355e+01
   9.0058351e+00
   2.3827803e+01
   1.1152891e+01
   5.0113698e+00
   1.1529399e+01
   1.3373090e+01
   4.0559249e+00
   7.1810475e+00
   7.2260656e+00
   3.7542183e+00
   1.1228918e+01
   3.5194258e+01
   1.8405130e+01
   3.1135861e+01
   5.4387131e+02
   4.1635013e+02
   4.9882575e+02
   4.3293100e+01
   2.6742354e+01
   3.9101777e+01
   4.1032876e+01
   2.6969652e+01
   4.0051483e+01
   4.0560426e+01
   2.3680163e+01
   2.5574964e+01
   1.8417392e+01
   1.4414324e+01
   2.7525977e+01
   1.6319916e+01
   9.5524777e+00
   2.3210852e+01
   1.8995495e+01
   8.0390301e+00
   1.3632957e+01
   1.6509936e+01
   6.2533354e+00
   1.5784780e+01
   1.8420924e+01
   1.4189282e+01
   2.0391556e+01
   2.4467611e+01
   1.4991151e+01
   2.0994675e+01
   3.0297989e+01
   1.9313437e+01
   2.9617763e+01
   2.1574839e+01
   1.2455659e+01
   1.4989386e+01
   2.9402532e+01
   1.1993804e+01
   1.4685962e+01
   6.0463445e+01
   2.4021845e+01
   6.4318578e+01
   5.8136807e+00
   1.2293009e+00
   1.0523089e+01
   9.8898534e+01
   8.6407853e+01
   9.3115833e+01
   6.4786417e+01
   2.4341357e+01
   1.6415564e+01
   1.4822714e+01
   4.6230998e+00
   6.5048442e+00
   3.9296015e+01
   3.1270356e+01
   4.1723696e+01
   8.2813960e+00
   6.3143733e+00
   1.5367757e+01
   2.2283807e+01
   2.4755339e+01
   2.5788822e+01
   2.1124462e+01
   1.0522304e+01
   1.6338555e+01
   3.1022653e+01
   1.3585084e+01
   1.8311052e+01
   1.1346148e+02
   4.8081066e+01
   6.8770160e+01
   2.5938032e+01
   1.5037357e+01
   2.3881366e+01
   6.5037357e+01
   4.0813033e+01
   4.1104292e+01
   2.3888429e+01
   6.2180587e+00
   1.6392804e+01
   1.2733871e+01
   4.9135445e+00
   6.9583900e+00
   2.0701552e+01
   1.2420833e+01
   1.1008193e+01
   1.6953250e+01
   6.3403011e+00
   2.3826626e+01
   8.6819383e+00
   8.4829228e+00
   2.1230115e+01
   9.9674505e+00
   4.2048309e+00
   8.5273621e+00
   1.1711178e+01
   7.5845426e+00
   2.1613882e+01
   1.9390544e+01
   1.6858387e+01
   1.4566084e+01
   4.0749170e+01
   1.9827383e+01
   3.9671444e+01
   1.9718787e+01
   1.4669776e+01
   1.7210860e+01
   1.2236700e+01
   8.8397321e+00
   1.0353376e+01
   2.8482452e+01
   9.1763525e+00
   1.7840466e+01
   3.8846521e+01
   1.3979839e+01
   3.2699575e+01
   1.6737331e+01
   5.5323887e+00
   1.3816110e+01
   2.2628138e+01
   1.5373545e+01
   2.5528857e+01
   1.2412985e+01
   1.4199877e+01
   1.4644564e+01
   1.4796913e+01
   1.0685248e+01
   6.5864340e+00
   1.1859701e+02
   3.6852050e+01
   6.4578543e+01
   8.3846659e+00
   6.2796361e+00
   1.7777584e+01
   1.3454415e+01
   6.6980326e+00
   2.2381515e+01
   5.3831885e+01
   4.1877124e+01
   8.3853918e+01
   1.2812252e+01
   6.7754727e+00
   1.2046091e+01
   1.0418710e+01
   1.0614714e+01
   1.1592281e+01
   7.2611364e+01
   2.1868746e+01
   4.5062039e+01
   2.9792774e+01
   1.5228161e+01
   2.1327136e+01
   1.8952331e+01
   1.0604806e+01
   2.1099937e+01
   3.3462989e+01
   9.2886868e+00
   1.7958186e+01
   2.6425099e+01
   1.6784616e+01
   2.2799225e+01
   2.1494004e+01
   1.4633185e+01
   2.3946799e+01
   2.1915932e+01
   6.1845575e+00
   1.7356343e+01
   2.4771329e+01
   2.4019295e+01
   4.3983625e+01
   4.5815152e+01
   1.7652703e+01
   4.9126322e+01
   3.2725571e+01
   1.8396595e+01
   2.7960266e+01
   3.5512494e+01
   1.0309623e+01
   2.5288316e+01
   7.6493573e+01
   8.6791130e+01
   9.1765192e+01
   1.9412420e+01
   1.0976507e+01
   3.1453999e+01
   2.0278643e+01
   7.5450574e+00
   2.9181316e+01
   2.8639118e+01
   1.8017144e+01
   1.6668269e+01
   3.4695518e+01
   3.1814811e+01
   5.1886758e+01
   5.3778911e+01
   1.8958316e+01
   9.8068117e+01
   2.9636599e+01
   1.5448494e+01
   3.1013334e+01
   6.9523176e+01
   5.0751839e+01
   5.0225140e+01
   2.1827348e+01
   9.6639487e+00
   1.7190554e+01
   8.4492058e+01
   2.5146267e+01
   3.9489861e+01
   1.6062207e+01
   6.7801619e+00
   1.8238262e+01
   1.5165181e+01
   2.2294402e+01
   2.1980090e+01
   2.0035552e+01
   7.1836570e+00
   1.0641299e+01
   7.7830872e+01
   4.6139962e+01
   3.6641037e+01
   2.1006840e+02
   3.4789497e+01
   9.8108829e+01
   2.6192209e+01
   1.5400032e+01
   2.5658153e+01
   1.1440030e+01
   8.8765393e+00
   1.2137913e+01
   3.3554516e+01
   1.5063745e+01
   2.7334682e+01
   2.0229299e+01
   9.8366832e+00
   2.0806618e+01
   3.7840407e+01
   1.2436824e+01
   3.8869967e+01
   9.5795435e+00
   1.3447842e+01
   9.1577625e+00
   8.5917648e+00
   1.5766240e+01
   1.3907146e+01
   4.6978030e+01
   4.9401492e+01
   1.0316883e+02
   2.1281618e+01
   2.5515516e+01
   3.1092991e+01
   2.9122653e+01
   1.5825884e+01
   6.0700650e+01
   4.3420335e+01
   1.3034743e+01
   4.8498384e+01
   4.6978030e+01
   4.9401492e+01
   1.0316883e+02
   2.1281618e+01
   2.5515516e+01
   3.1092991e+01
   2.9122653e+01
   1.5825884e+01
   6.0700650e+01
   4.3420335e+01
   1.3034743e+01
   4.8498384e+01
   1.7346827e+01
   1.1740608e+01
   2.3360455e+01
   1.1255798e+01
   1.6748711e+01
   1.7262657e+01
   2.7829008e+01
   3.1735154e+01
   3.6097268e+01
   1.9178059e+01
   1.6575859e+01
   1.5848938e+01
   1.6651494e+01
   1.1749045e+01
   1.7613659e+01
   9.5092058e+00
   5.4079195e+00
   1.2237877e+01
   1.1467399e+01
   7.2411240e+00
   1.0386239e+01
   1.3695152e+01
   1.0964637e+01
   1.6775689e+01
   1.4189773e+02
   1.0419005e+02
   3.0697942e+02
   1.0482672e+01
   9.4673563e+00
   1.0936678e+01
   3.8757348e+01
   2.6820442e+01
   4.3578080e+01
   9.7100950e+00
   7.1317817e+00
   1.0695156e+01
   2.0288061e+01
   2.9748727e+01
   4.0312920e+01
   1.0396540e+01
   1.5912507e+01
   2.4523038e+01
   2.4999215e+01
   1.0928831e+01
   1.9519644e+01
   1.8952528e+02
   6.4963684e+01
   1.1125717e+02
   4.6267197e+01
   2.7654881e+01
   7.8118109e+01
   3.4032361e+01
   1.2533648e+01
   5.0004415e+01
   2.5864850e+01
   1.4266879e+01
   1.7763163e+01
   3.4514817e+01
   8.4788222e+00
   1.3061132e+01
   6.6777455e+01
   5.2370881e+01
   7.9193579e+01
   2.6975636e+01
   1.7746584e+01
   3.8556832e+01
   1.6166684e+01
   1.3762449e+01
   1.9622551e+01
   1.6886345e+01
   6.7549109e+00
   2.3694093e+01
   1.1953191e+01
   7.5188058e+00
   1.2295363e+01
   1.5171165e+01
   8.7522760e+00
   1.3535151e+01
   2.2003241e+01
   1.7620820e+01
   2.5920767e+01
   1.0602550e+01
   5.3178342e+00
   1.1172315e+01
   1.5851096e+01
   8.5765102e+00
   2.7099144e+01
   1.1291408e+01
   1.1547841e+01
   1.4421289e+01
   1.3447744e+01
   7.9496120e+00
   1.5969012e+01
   2.2680622e+02
   1.1728149e+02
   1.7363406e+02
   1.6008547e+01
   1.8893471e+01
   2.1677059e+01
   1.2293107e+01
   5.1843397e+00
   1.1720497e+01
   3.4644015e+01
   8.4770466e+00
   2.2040225e+01
   3.4145765e+01
   3.5867322e+01
   4.0998737e+01
   2.0258337e+01
   1.4137093e+01
   1.3737433e+01
   4.7020350e+01
   3.4287686e+01
   6.3946495e+01
   1.8282505e+01
   9.8984960e+00
   1.7631081e+01
   2.8355883e+01
   2.1173816e+01
   3.0460560e+01
   1.0788155e+02
   3.3856664e+01
   1.0163258e+02
   1.9039150e+01
   1.2285259e+01
   1.7336821e+01
   2.2457935e+01
   1.2481852e+01
   2.4245611e+01
   8.1788030e+01
   6.6294116e+01
   9.8101962e+01
   1.3630505e+01
   1.1107569e+01
   1.5026173e+01
   1.0637081e+01
   4.5797494e+00
   1.1162308e+01
   1.6954525e+01
   1.3582435e+01
   2.0084896e+01
   7.6837217e+00
   4.3537074e+00
   1.1376853e+01
   4.2074109e+01
   2.6613353e+01
   5.8769846e+01
   9.4200721e+00
   3.2901955e+00
   1.0518380e+01
   1.0055839e+01
   5.9129677e+00
   7.7635457e+00
   2.4630752e+01
   1.0940897e+01
   3.7401998e+01
   1.3494381e+02
   7.7362876e+01
   1.2652565e+02
   1.9959230e+02
   8.7384243e+01
   1.3007177e+02
   9.9091104e+01
   5.7161163e+01
   1.3940069e+02
   3.6020554e+01
   2.5472744e+01
   5.0933520e+01
   2.3106415e+01
   1.2904692e+01
   3.2030258e+01
   4.0490785e+01
   2.0711853e+01
   3.4714755e+01
   2.6916884e+01
   1.7724512e+01
   3.2726023e+01
   1.4593945e+01
   6.6457256e+00
   1.3128723e+01
   1.0094882e+01
   3.3539801e+00
   1.6055438e+01
   1.4266781e+01
   1.2308509e+01
   1.5521676e+01
   1.5749759e+01
   9.8281485e+00
   9.0369524e+00
   1.7304644e+01
   6.6984220e+00
   1.1066484e+01
   1.0963990e+01
   9.4996538e+00
   7.1678619e+00
   2.4695203e+01
   2.6413229e+01
   2.8238477e+01
   9.7239467e+00
   7.8954902e+00
   1.5414943e+01
   5.6619886e+01
   3.4727694e+01
   5.7254397e+01
   3.8921764e+01
   1.7261480e+01
   3.4060320e+01
   3.5319924e+01
   2.8182462e+01
   3.4526197e+01
   2.1697267e+01
   8.8680438e+00
   1.7853023e+01
   1.1041547e+01
   7.0329067e+00
   1.3146871e+01
   6.7060571e+00
   7.1850598e+00
   6.7060571e+00
   7.8437719e+01
   1.8210793e+01
   4.6427787e+01
   7.2469609e+00
   3.6334180e+00
   1.0505627e+01
   4.5754331e+01
   2.6343382e+01
   5.4006208e+01
   1.1871670e+02
   8.6452979e+01
   7.2179527e+01
   4.3024404e+01
   9.4673563e+00
   2.2407806e+01
   1.5230123e+01
   1.1708039e+01
   2.5475981e+01
   1.4809274e+01
   8.0378137e+00
   1.7391070e+01
   4.0086897e+01
   2.9058888e+01
   5.6980993e+01
   2.4616233e+01
   1.9453720e+01
   2.4723751e+01
   3.6274339e+01
   2.2320104e+01
   4.5198692e+01
   1.1229899e+02
   5.7330817e+01
   7.6359274e+01
   4.3597111e+01
   1.8378741e+01
   3.8261158e+01
   1.1217441e+01
   5.1128739e+00
   1.1039978e+01
   2.5605081e+01
   1.9599007e+01
   2.3222134e+01
   1.6522787e+02
   6.0026605e+01
   1.2057275e+02
   4.4528277e+01
   2.0297675e+01
   4.2822121e+01
   6.0397816e+01
   1.9811589e+01
   3.4908493e+01
   1.2353439e+01
   8.3825469e+00
   1.6357488e+01
   7.2446359e+01
   3.7817158e+01
   1.0824452e+02
   4.3131529e+01
   2.4149375e+01
   6.0797867e+01
   2.1409442e+01
   1.3642669e+01
   2.4628790e+01
   2.0018090e+01
   2.0273836e+01
   2.5216605e+01
   1.6396728e+01
   1.5255923e+01
   1.2526781e+01
   5.8951723e+01
   2.0224100e+01
   7.8169513e+01
   1.8861098e+01
   1.2549246e+01
   1.6971496e+01
   6.0380746e+02
   2.1239435e+02
   5.5840090e+02
   8.1834824e+00
   4.5480043e+00
   1.1862546e+01
   2.4692064e+01
   9.8873028e+00
   1.4096381e+01
   8.8925786e+00
   4.9894543e+00
   1.0738811e+01
   1.2936545e+01
   4.1347973e+00
   1.0739105e+01
   4.2863814e+01
   1.1610233e+01
   2.6383799e+01
   1.0650423e+01
   5.9924287e+00
   8.4248672e+00
   2.1843731e+01
   1.4008582e+01
   2.7872270e+01
   1.3738611e+01
   5.3686206e+00
   1.5881801e+01
   2.4063930e+01
   9.5212328e+00
   3.2992992e+01
   5.6297236e+01
   1.0106949e+02
   5.7959442e+01
   1.7721569e+01
   1.6442639e+01
   2.6779927e+01
   2.8480000e+02
   7.7384419e+01
   1.7953281e+02
   9.7526213e+01
   2.2514146e+01
   4.5307191e+01
   8.9593651e+00
   1.2454286e+01
   7.5180995e+00
   2.1595243e+01
   8.9408242e+00
   1.0753918e+01
   1.5957044e+01
   6.1139255e+00
   1.6102526e+01
   6.6115574e+01
   1.6820520e+01
   5.1959744e+01
   3.5209954e+01
   5.7899699e+01
   4.0472332e+01
   1.1890799e+02
   4.1584100e+01
   1.1875692e+02
   1.6931471e+01
   4.6220502e+00
   8.7963916e+00
   3.0101200e+01
   1.0047402e+01
   2.7879039e+01
   1.1133467e+01
   1.0896261e+01
   1.3633153e+01
   2.5500310e+01
   1.0926672e+01
   1.9106446e+01
   1.7007793e+01
   1.3668077e+01
   3.0672829e+01
   2.1864136e+01
   1.4936608e+01
   2.4988228e+01
   8.4714942e+00
   6.6714965e+00
   1.0938444e+01
   2.2145584e+01
   1.6787853e+01
   2.2006381e+01
   1.3481687e+01
   7.6711846e+00
   1.6513369e+01
   1.3129508e+01
   1.2099065e+01
   1.1634660e+01
   3.8065252e+01
   3.1606250e+01
   4.8728919e+01
   1.0149230e+01
   6.2708855e+00
   1.1768174e+01
   1.8822839e+01
   1.1520275e+01
   2.6961510e+01
   1.9206508e+01
   1.8365791e+01
   2.1552374e+01
   2.6535461e+01
   2.2187277e+01
   2.5074556e+01
   3.0520087e+01
   2.3329063e+01
   3.4489508e+01
   1.1271592e+01
   6.0070162e+00
   8.5136968e+00
   1.5132808e+01
   4.5412158e+00
   1.5778502e+01
   1.0713599e+01
   4.6461828e+00
   1.0726941e+01
   1.2873859e+01
   5.0590562e+00
   1.0622562e+01
   1.6494240e+01
   7.0997423e+00
   1.1826936e+01
   1.5453791e+01
   1.3890273e+01
   1.9603127e+01
   5.5584441e+01
   2.7542360e+01
   4.0849723e+01
   4.0071103e+01
   1.8904655e+01
   2.9124909e+01
   1.2410533e+01
   1.8756131e+01
   1.0538098e+01
   3.5878603e+01
   1.6365434e+01
   3.3194293e+01
   1.1833214e+02
   8.4766346e+01
   1.2794791e+02
   1.2655979e+02
   7.4294858e+01
   1.9131070e+02
   1.0173559e+01
   2.2879471e+00
   6.6385643e+00
   3.6559319e+01
   1.7969369e+01
   5.1549882e+01
   1.0953061e+02
   5.6546115e+01
   8.8270969e+01
   3.3975954e+01
   1.9335167e+01
   3.3410888e+01
   4.5427363e+01
   2.5083876e+01
   3.4430255e+01
   2.0977998e+01
   1.9467062e+01
   2.4841765e+01
   3.3433657e+01
   1.7883139e+01
   4.6423274e+01
   1.3296180e+01
   7.9690063e+00
   1.1493690e+01
   1.1017120e+01
   1.5807147e+01
   1.2887887e+01
   1.6149418e+01
   8.1077590e+00
   1.7036733e+01
   6.4326328e+00
   8.2120099e+00
   2.0322494e+01
   1.8440249e+01
   1.0548791e+01
   2.6582059e+01
   1.6996610e+01
   2.1605250e+01
   2.2747919e+01
   1.9173939e+01
   7.4513523e+00
   2.7470551e+01
   3.9352226e+01
   1.2911824e+01
   2.0272561e+01
   1.3232709e+01
   1.7723040e+01
   1.4621805e+01
   1.1003975e+02
   1.5007632e+02
   1.1468871e+02
   1.0666217e+01
   6.7547736e+00
   1.5330774e+01
   4.0561897e+01
   2.2174034e+01
   3.9062930e+01
   2.7953104e+01
   1.1848714e+01
   2.9090083e+01
   1.4624944e+01
   6.2006754e+00
   2.3780421e+01
   1.6215636e+02
   5.7129712e+01
   9.2970645e+01
   6.2540516e+00
   4.1318347e+00
   1.2094651e+01
   1.6504344e+01
   1.2951947e+01
   1.9045330e+01
   1.1866568e+01
   6.9807568e+00
   1.3898219e+01
   1.8209714e+02
   8.2282258e+01
   1.3665036e+02
   6.9696813e+01
   1.6987585e+01
   4.1994354e+01
   1.0059959e+01
   8.4227679e+00
   1.3729880e+01
   1.3853584e+01
   1.7193595e+01
   3.2324342e+01
   1.2287319e+01
   8.9498101e+00
   1.4998803e+01
   1.2747310e+01
   1.1069114e+01
   1.3383489e+01
   1.5610359e+01
   1.1363119e+01
   1.8552280e+01
   3.1834529e+01
   2.6941497e+01
   3.5389869e+01
   1.7023391e+01
   1.1526652e+01
   1.4864799e+01
   2.7609460e+01
   2.3356629e+01
   4.0368837e+01
   2.1978814e+01
   1.9116256e+01
   2.8924687e+01
   1.5651531e+01
   1.5678371e+01
   9.9471929e+00
   2.9010034e+01
   1.8560716e+01
   3.7709248e+01
   1.5016854e+01
   8.3805064e+00
   1.7260891e+01
   1.6124010e+01
   7.9682412e+00
   2.0693508e+01
   1.7183785e+01
   7.6948463e+00
   2.3084500e+01
   2.1588965e+01
   1.1005937e+01
   1.3531423e+01
   1.3728212e+01
   6.5099454e+00
   1.8923882e+01
   3.7706403e+01
   1.8957531e+01
   3.2517501e+01
   3.0467407e+01
   1.8936439e+01
   4.0462522e+01
   2.2399369e+02
   1.0372015e+02
   1.6651592e+02
   4.1105568e+01
   2.2361797e+01
   4.6919366e+01
   2.4516671e+02
   1.2084184e+02
   1.8080880e+02
   2.7272781e+01
   2.3157192e+01
   4.8564797e+01
   2.9179747e+01
   1.3738709e+01
   1.5979607e+01
   1.9553979e+01
   9.0006946e+00
   1.5394441e+01
   6.9088298e+02
   1.9733796e+02
   3.8287939e+02
   9.0199516e+01
   4.2730496e+01
   7.0478474e+01
   4.5854589e+01
   4.0785664e+01
   4.9491352e+01
   1.0438821e+01
   7.7843037e+00
   1.6190816e+01
   6.9382893e+01
   3.4581525e+01
   3.4595946e+01
   1.4465041e+01
   8.2149332e+00
   9.8663094e+00
   1.7287476e+01
   1.4482895e+01
   2.5789215e+01
   1.6523081e+01
   6.9959230e+00
   1.9062105e+01
   2.4515779e+01
   1.2353046e+01
   2.0024466e+01
   1.2664612e+01
   1.5790078e+01
   1.3786385e+01
   4.1370340e+01
   1.8096703e+01
   4.7977277e+01
   9.4497964e+01
   1.8048340e+01
   6.8791644e+01
   3.9366215e+02
   4.5388957e+02
   3.9222548e+02
   2.0985748e+01
   1.6401535e+01
   3.4022453e+01
   4.1683475e+01
   9.6932316e+00
   2.7209997e+01
   1.1203511e+02
   2.7696563e+02
   1.4445402e+02
   3.8361711e+01
   2.4753965e+01
   4.0798515e+01
   5.2711190e+01
   4.0639004e+01
   3.6011333e+01
   2.0598940e+01
   9.2939450e+00
   1.4557353e+01
   3.8021990e+01
   2.2761751e+01
   3.1782929e+01
   6.6490807e+01
   3.7004203e+01
   6.5486851e+01
   1.5711304e+01
   6.1435714e+00
   1.1959665e+01
   1.2028041e+01
   9.5753350e+00
   1.1182027e+01
   2.5467447e+01
   1.8657933e+01
   3.3217935e+01
   1.5433975e+01
   8.6826250e+00
   9.1922349e+00
   1.3061328e+01
   8.7920359e+00
   2.1070016e+01
   2.2432233e+01
   1.5603295e+01
   1.8394142e+01
   4.6032346e+01
   3.0652228e+01
   5.6462338e+01
   1.3543588e+01
   6.5523835e+00
   9.4128421e+00
   1.1355664e+01
   6.4141410e+00
   1.0881252e+01
   3.0608966e+01
   2.4362743e+01
   3.2500334e+01
   2.7127789e+01
   6.9245160e+00
   1.1934061e+01
   1.0962773e+01
   8.6787991e+00
   1.6641978e+01
   1.9075251e+01
   8.3400500e+00
   1.8170572e+01
   8.6767390e+00
   5.5906896e+00
   1.1168783e+01
   1.4860384e+01
   5.8122190e+00
   1.0397423e+01
   1.3723013e+01
   5.8369206e+00
   9.1503364e+00
   6.1331531e+01
   3.0431601e+01
   2.8365615e+01
   2.0749425e+01
   1.6898706e+01
   1.7925126e+01
   5.2026746e+01
   1.9197778e+01
   2.1160464e+01
   3.7149783e+01
   2.4708545e+01
   3.5241444e+01
   1.1905906e+01
   7.4844316e+00
   1.3493263e+01
   1.3143046e+01
   1.2730241e+01
   1.6419095e+01
   1.1784164e+01
   6.4937982e+00
   8.5897831e+00
   1.1296804e+01
   8.1817853e+00
   1.5254452e+01
   6.8628307e+02
   7.3576570e+02
   4.9426802e+02
   4.0076891e+01
   1.9930879e+01
   2.9898035e+01
   3.6426983e+01
   2.2338743e+01
   2.8550337e+01
   2.0086250e+01
   3.8673767e+01
   1.6484332e+01
   1.4565015e+01
   1.6909870e+01
   1.9629261e+01
   3.8534632e+01
   4.0279399e+01
   3.1530115e+01
   3.8713429e+01
   4.7234699e+01
   7.9351383e+01
   1.7642598e+01
   1.1318189e+01
   1.5887884e+01
   2.9064577e+01
   7.1206474e+00
   1.9266644e+01
   1.1557848e+02
   5.4258423e+01
   1.2453108e+02
   2.2175995e+01
   1.4330644e+01
   4.1828859e+01
   9.9193815e+01
   6.7584229e+01
   9.5752075e+01
   1.4674485e+01
   4.7935976e+00
   1.1548822e+01
   2.6141786e+01
   7.5311174e+00
   1.0209856e+01
   2.2355028e+01
   8.6708137e+00
   1.7752666e+01
   3.9878925e+01
   3.7477535e+01
   6.2168422e+01
   3.3814874e+01
   2.5119780e+01
   3.3764352e+01
   1.6662089e+01
   1.5283784e+01
   1.6271749e+01
   1.7837523e+01
   9.8061054e+00
   2.0460128e+01
   9.4897035e+01
   6.0426461e+01
   9.0318021e+01
   2.1078551e+01
   3.7336075e+00
   4.7954615e+00
   1.8276815e+01
   1.4889520e+01
   1.5167241e+01
   6.5266322e+01
   4.8501523e+01
   9.5260299e+01
   1.8344013e+01
   7.5654524e+00
   8.1510015e+00
   1.3302164e+01
   4.4907433e+01
   1.2799990e+01
   7.3055070e+00
   6.1933767e+00
   1.2652644e+01
   9.1993471e+00
   1.1445131e+01
   1.3085853e+01
   2.6419409e+01
   1.6187775e+01
   1.8485179e+01
   1.4335157e+01
   1.3260667e+01
   1.5771243e+01
   1.1754538e+01
   5.3366302e+00
   7.9559983e+00
   2.7049800e+01
   1.6583118e+01
   3.1909576e+01
   3.3816443e+01
   1.1032915e+01
   3.2727533e+01
   4.9491156e+01
   1.8375307e+01
   2.7401194e+01
   1.8621244e+01
   6.0424401e+00
   1.2374628e+01
   1.9480698e+01
   6.8078457e+00
   2.2140287e+01
   1.7017309e+01
   8.1105646e+00
   1.7046641e+01
   2.1712669e+01
   7.6009155e+00
   1.7732752e+01
   8.5877230e+00
   1.4908747e+01
   2.2034143e+01
   1.7209585e+01
   9.6484293e+00
   1.5796062e+01
   4.2786413e+01
   7.4712862e+00
   3.3031840e+01
   1.2927814e+01
   5.2545499e+00
   6.8414155e+00
   1.2634986e+01
   6.7733047e+00
   1.1395885e+01
   3.0719721e+01
   2.2976982e+01
   3.5674752e+01
   9.9913869e+01
   5.7423129e+01
   1.0674163e+02
   2.4653609e+01
   2.1178122e+01
   2.6323663e+01
   5.8464363e+01
   1.8398263e+01
   3.4082000e+01
   3.2789336e+01
   1.3698978e+01
   2.1997355e+01
   4.2713623e+01
   2.4978811e+01
   3.1035505e+01
   4.4651588e+01
   3.5745972e+01
   6.1204982e+01
   3.7309490e+01
   1.7421285e+01
   6.4947105e+01
   1.5674124e+01
   8.3492714e+00
   2.5090939e+01
   1.4434434e+01
   7.1402772e+00
   1.1743453e+01
   2.5951178e+01
   1.1990076e+01
   3.5971112e+01
   1.5205108e+01
   8.0302306e+00
   1.0517497e+01
   2.3422650e+01
   2.2073187e+01
   3.2721942e+01
   1.0929223e+01
   3.9156124e+00
   8.7381594e+00
   1.0574591e+01
   4.2042815e+00
   1.1578841e+01
   5.9717983e+01
   2.6816518e+01
   4.0107989e+01
   8.7816177e+00
   3.7159691e+00
   1.2329895e+01
   1.3097037e+01
   1.0347097e+01
   9.6452705e+00
   4.3436227e+01
   3.0903266e+01
   5.9470574e+01
   2.9837017e+01
   1.5458206e+01
   2.0220176e+01
   2.1186461e+01
   7.1486745e+00
   1.2891125e+01
   1.2128299e+01
   5.5138086e+00
   1.0954238e+01
   1.0586461e+01
   9.0123980e+00
   1.5556011e+01
   2.8244560e+01
   1.1306908e+01
   2.3596582e+01
   2.3854781e+01
   2.0515064e+01
   3.7031377e+01
   1.4826932e+01
   7.0791118e+00
   1.1340556e+01
   1.2921536e+01
   7.1715613e+00
   7.7868445e+00
   2.8765372e+01
   2.5486870e+01
   3.1713376e+01
   2.0557444e+01
   1.8577099e+01
   1.3504250e+01
   1.1244418e+01
   4.0718563e+00
   4.8051146e+00
   1.5843542e+01
   1.4986050e+01
   2.2291557e+01
   9.9674505e+00
   7.3799158e+00
   1.2667261e+01
   1.3365242e+01
   7.1850598e+00
   1.0104398e+01
   3.1765369e+01
   4.7714663e+01
   2.4471241e+01
   3.0061960e+01
   1.1040174e+01
   2.7627118e+01
   8.3941129e+01
   4.1676215e+01
   5.4847906e+01
   2.2018937e+01
   1.1081866e+01
   2.4189694e+01
   2.4478697e+01
   2.8758505e+01
   2.0278153e+01
   5.0742029e+01
   2.2552503e+01
   4.5619933e+01
   1.8895826e+01
   1.7401174e+01
   1.9010309e+01
   1.6249774e+01
   5.9871411e+00
   1.1464456e+01
   1.2478320e+01
   7.4974102e+00
   9.2291793e+00
   6.1934944e+00
   3.4216005e+00
   1.1979776e+01
   5.5143285e+01
   4.4051314e+01
   1.4250202e+01
   1.4903646e+01
   6.7015642e+00
   6.7267366e+00
   5.6569267e+01
   3.4463315e+01
   3.6773864e+01
   1.5975193e+01
   5.9740448e+00
   1.3316781e+01
   1.3722130e+01
   6.2392777e+00
   7.8799806e+00
   5.5712854e+01
   3.3296121e+01
   7.2981985e+01
   8.4387876e+00
   7.5643537e+00
   1.0274111e+01
   2.8176086e+01
   1.0768045e+01
   2.1395021e+01
   1.9008935e+01
   1.9861718e+01
   1.2346277e+01
   3.2290498e+01
   1.6575663e+01
   3.3328396e+01
   2.1592300e+01
   1.0120094e+01
   1.9097617e+01
   1.8420629e+01
   6.6329923e+00
   2.2688372e+01
   2.4914065e+01
   1.1897568e+01
   2.1205688e+01
   1.1900805e+01
   7.7054705e+00
   8.5666316e+00
   1.6752243e+01
   1.6634326e+01
   9.4740860e+00
   1.4647213e+01
   4.3449667e+00
   8.8450688e+00
   3.9217339e+02
   6.9760676e+02
   2.9786201e+02
   3.2222122e+01
   1.1061364e+01
   1.2887887e+01
   1.6714278e+01
   8.4550624e+00
   1.2354812e+01
   1.3313543e+02
   6.2292911e+01
   9.3639785e+01
   2.0198986e+01
   1.0580379e+01
   1.2410533e+01
   2.7134852e+01
   1.2657254e+01
   1.9558786e+01
   2.1468793e+01
   1.2810879e+01
   2.1556003e+01
   1.8737394e+01
   7.6672900e+00
   1.8237673e+01
   1.0208973e+01
   8.2520052e+00
   1.2222573e+01
   3.2367114e+01
   1.7010344e+01
   3.1643430e+01
   1.8774770e+01
   1.1575015e+01
   1.3754503e+01
   3.8936184e+02
   2.0094706e+02
   1.3049360e+02
   3.2678189e+01
   2.4783297e+01
   2.4186163e+01
   1.7155237e+01
   1.3395261e+01
   1.6224170e+01
   2.4997352e+01
   2.1926135e+01
   2.3722150e+01
   3.5470606e+01
   2.9116570e+01
   2.2373961e+01
   1.3065448e+01
   9.4343555e+00
   1.3480019e+01
   2.3819465e+01
   8.9781414e+00
   1.7554897e+01
   3.7348141e+01
   3.4813336e+01
   3.3448765e+01
   2.0987612e+01
   1.2958225e+01
   2.3918448e+01
   1.9668167e+01
   5.4048489e+00
   1.5989025e+01
   4.2321615e+01
   6.7093337e+00
   2.4429156e+01
   8.6262862e+00
   1.4789948e+01
   1.8066488e+01
   5.2664298e+01
   4.0169399e+01
   4.7954027e+01
   1.1134644e+01
   9.6065014e+00
   1.7134735e+01
   1.0618246e+01
   6.9563985e+00
   1.1986741e+01
   9.8062035e+00
   5.1177397e+00
   1.1795740e+01
   3.3739435e+01
   1.0390458e+01
   4.5700768e+01
   4.9162815e+01
   3.4650882e+01
   4.5004846e+01
   3.6085496e+01
   1.6115181e+01
   2.0006808e+01
   2.3223605e+01
   1.2228459e+01
   4.6846183e+01
   9.2937880e+01
   3.1655300e+01
   8.0543730e+01
   1.4588745e+01
   3.8974738e+00
   9.9054513e+00
   5.1667210e+01
   2.5962852e+01
   5.7228695e+01
   5.6043647e+01
   4.3169690e+01
   3.8364359e+01
   3.7867287e+01
   2.0518400e+01
   2.5133907e+01
   2.0044675e+01
   1.0598626e+01
   1.3719972e+01
   1.0615107e+01
   3.7778702e+00
   1.1459944e+01
   3.5454027e+01
   2.3583142e+01
   5.9512954e+01
   1.2092100e+01
   6.3392122e+00
   1.1344774e+01
   9.6040489e+00
   6.9226619e+00
   1.5154979e+01
   3.7691982e+01
   2.0546751e+01
   7.0723822e+01
   3.1399259e+01
   2.1431613e+01
   3.9656336e+01
   5.1098132e+01
   2.3989080e+01
   5.0600078e+01
   1.4774056e+01
   7.7119549e+00
   2.1142708e+01
   1.0498368e+01
   1.4553920e+01
   2.3262257e+01
   1.4597476e+02
   3.3078143e+01
   1.1394805e+02
   2.0472979e+02
   7.5392891e+01
   1.1113945e+02
   1.3221231e+01
   5.6319799e+00
   9.7100165e+00
   1.0582341e+01
   1.1510760e+01
   1.2182548e+01
   1.8108279e+01
   1.1912970e+01
   1.7170149e+01
   1.5203146e+01
   9.2967408e+00
   1.6131172e+01
   1.3440681e+01
   5.4160225e+00
   1.7576675e+01
   5.1515940e+01
   1.7968879e+01
   3.3754935e+01
   1.5996775e+02
   1.1646040e+02
   2.1332041e+02
   1.6671801e+01
   4.7470590e+00
   4.8090778e+00
   1.8690306e+01
   2.6345245e+01
   3.3873734e+01
   1.1450330e+01
   1.9083785e+01
   2.4046370e+01
   4.6112984e+01
   1.5210503e+01
   4.0727000e+01
   2.4305648e+01
   1.1587572e+01
   2.4249045e+01
   7.6737842e+01
   5.3275756e+01
   8.5564390e+01
   1.5487930e+01
   7.0849390e+00
   8.0185861e+00
   1.2163517e+01
   8.1888190e+00
   1.3039648e+01
   5.2021351e+01
   2.6633758e+01
   4.4324229e+01
   8.4346184e+01
   3.7173818e+01
   7.3677416e+01
   2.3739709e+01
   1.1684593e+01
   1.5700316e+01
   1.0901362e+01
   9.1061816e+00
   1.4256579e+01
   1.6498556e+01
   6.9481778e+00
   2.0411667e+01
   1.1017120e+01
   2.2034143e+01
   2.5286060e+01
   1.8606725e+01
   2.0992223e+01
   3.1260252e+01
   3.9709114e+01
   1.4458959e+01
   2.1815772e+01
   1.1980953e+01
   1.9237116e+01
   1.1980953e+01
   2.6358097e+01
   2.6611293e+01
   2.3482688e+01
   1.9782257e+01
   1.7096966e+01
   1.5169399e+01
   4.8403030e+01
   4.1507287e+01
   3.5799633e+01
   1.5252588e+01
   1.1522139e+01
   1.3601271e+01
   2.2536611e+01
   1.0484241e+01
   2.5855236e+01
   1.7425307e+01
   6.0718308e+00
   1.4705092e+01
   1.5597017e+01
   5.9202859e+00
   1.8305362e+01
   7.0837814e+00
   4.1139608e+00
   1.1132290e+01
   2.4709919e+01
   1.5069533e+01
   2.3225077e+01
   1.0414885e+01
   1.0182486e+01
   1.6140589e+01
   8.5494542e+01
   6.4398235e+01
   9.0068259e+01
   2.1076196e+01
   2.6240278e+01
   3.1503736e+01
   1.2518247e+01
   4.2411769e+00
   1.1936219e+01
   4.2167402e+01
   1.3456867e+01
   3.3680771e+01
   4.3539134e+01
   2.9595887e+01
   8.7741915e+01
   1.1907672e+02
   4.5784545e+01
   9.0037946e+01
   1.3782481e+01
   1.3521466e+01
   1.4118091e+01
   2.3871654e+01
   3.1713964e+01
   1.9669639e+01
   1.4213415e+01
   8.3896199e+00
   1.0244975e+01
   8.4916145e+01
   5.8698233e+01
   7.3827215e+01
   2.3463754e+01
   1.2020585e+01
   2.9361232e+01
   3.0945547e+01
   1.5285255e+01
   3.5084582e+01
   1.5348530e+01
   6.6227310e+00
   1.2464978e+01
   9.9563652e+00
   1.8222467e+00
   7.2327658e+00
   1.0089193e+01
   2.2218375e+00
   6.6005113e+00
   2.9114118e+01
   2.2649328e+01
   2.9849574e+01
   1.0927359e+01
   5.3694152e+00
   1.3571743e+01
   3.7975000e+01
   1.7812311e+01
   3.2843488e+01
   1.3815815e+01
   6.9118219e+00
   1.1882461e+01
   3.5438233e+01
   1.7692237e+01
   3.8664742e+01
   1.5675399e+02
   8.2439512e+01
   1.2572202e+02
   3.3480059e+02
   2.7844214e+02
   4.1513467e+02
   2.9249005e+01
   1.7981043e+01
   3.1158620e+01
   1.1077746e+01
   5.4347792e+00
   1.1678216e+01
   8.3916996e+00
   3.8077123e+00
   1.2279962e+01
   1.1001915e+01
   4.4576346e+00
   9.9378243e+00
   8.7568082e+00
   4.5805048e+00
   1.0219469e+01
   8.6836158e+00
   5.9480090e+00
   1.3297063e+01
   1.0217704e+01
   2.7706972e+00
   7.9718807e+00
   9.6351564e+00
   4.0648520e+00
   1.0350139e+01
   1.3452061e+01
   7.7103951e+00
   1.5453987e+01
   1.0879094e+01
   7.3427556e+00
   9.6123481e+00
   1.3293825e+01
   5.9351383e+00
   1.0123528e+01
   1.1324566e+01
   6.1279440e+00
   1.1811044e+01
   1.1598363e+01
   4.1761562e+00
   8.8362005e+00
   4.1622947e+01
   2.9448148e+01
   4.6530400e+01
   4.0654798e+01
   2.1213536e+01
   4.3849032e+01
   1.0588914e+01
   3.5247919e+00
   7.9046527e+00
   5.7650819e+00
   1.5335973e+00
   1.3773927e+01
   1.8821564e+01
   1.1435419e+01
   1.4411871e+01
   3.8785208e+01
   1.1752674e+01
   3.2246941e+01
   1.5374036e+01
   8.0206168e+00
   8.4873275e+00
   1.8456240e+01
   1.6750869e+01
   2.2343452e+01
   1.6354741e+01
   9.4499534e+00
   1.2212077e+01
   3.2368880e+01
   1.4430412e+01
   4.0041575e+01
   2.4714235e+01
   1.0892239e+01
   1.9492960e+01
   2.8098096e+01
   1.1918758e+01
   1.8677848e+01
   1.2361581e+01
   6.1713533e+00
   1.5474981e+01
   1.3569388e+01
   1.0981706e+01
   1.2491662e+01
   1.0584205e+01
   9.2689883e+00
   1.2046974e+01
   2.4803310e+01
   8.9640837e+00
   1.9214160e+01
   3.1727796e+01
   2.4597888e+01
   3.8018949e+01
   1.7576479e+01
   1.0018070e+01
   1.3516316e+01
   2.9472085e+01
   1.0062313e+01
   2.0428246e+01
   5.1906770e+01
   2.2618623e+01
   3.0597096e+01
   6.5566508e+01
   1.8016850e+01
   6.4082550e+01
   5.2625647e+01
   2.0006612e+01
   4.1505325e+01
   1.7557055e+01
   1.1594929e+01
   1.2770266e+01
   2.3501621e+01
   1.5824805e+01
   2.2134990e+01
   2.0635237e+01
   1.1503500e+01
   1.4917969e+01
   9.7485109e+00
   9.4257031e+00
   1.5938209e+01
   1.9882221e+01
   9.5825159e+00
   8.6081475e+00
   1.7602083e+01
   9.4621374e+00
   2.5779110e+01
   2.2968153e+01
   1.4323777e+01
   1.6503559e+01
   5.0650305e+01
   2.8291255e+01
   3.8433618e+01
   1.6045334e+01
   1.5429659e+01
   1.8764176e+01
   2.3480922e+01
   1.5253863e+01
   1.9623237e+01
   2.4883261e+01
   1.4003481e+01
   2.2204935e+01
   7.2868680e+01
   3.1061599e+01
   5.3206203e+01
   1.7023587e+01
   8.0089429e+00
   1.7994287e+01
   1.4399216e+01
   6.7055372e+00
   1.8307618e+01
   8.0261888e+01
   2.8655402e+01
   5.0993950e+01
   2.1348522e+01
   1.3268515e+01
   1.9655414e+01
   1.9648743e+01
   1.1022516e+01
   2.1086497e+01
   2.4435140e+01
   1.4335451e+01
   2.7885514e+01
   4.7662179e+01
   5.6096719e+01
   3.9508205e+01
   2.5422124e+01
   1.2365799e+01
   2.4694026e+01
   1.6262331e+01
   7.5808148e+00
   1.2415732e+01
   6.2813332e+01
   3.3715400e+01
   1.2709640e+02
   1.6218579e+01
   7.3489947e+00
   1.6755774e+01
   2.3658188e+01
   1.8739552e+01
   2.6935317e+01
   1.1604151e+02
   5.3147931e+01
   1.1443954e+02
   2.3233023e+01
   1.5949392e+01
   3.0582086e+01
   1.1651337e+01
   7.3416372e+00
   1.2266718e+01
   5.1829271e+01
   4.8460615e+01
   8.7631062e+01
   1.3302164e+01
   4.5632588e+00
   7.7806936e+00
   8.1840808e+01
   5.3258392e+01
   9.3574647e+01
   2.3570781e+01
   1.6560261e+01
   2.4392369e+01
   3.0499977e+01
   2.7874919e+01
   3.3998027e+01
   4.1384466e+01
   3.0737869e+01
   3.2027197e+01
   1.5706595e+01
   1.0118132e+01
   1.2552287e+01
   6.1822228e+01
   2.6853305e+01
   5.3844049e+01
   5.9032656e+01
   2.6513095e+01
   7.9169741e+01
   2.6523101e+01
   1.5828729e+01
   3.4276532e+01
   1.2855024e+01
   9.0838049e+00
   1.4609052e+01
   1.6561242e+01
   9.1494338e+00
   1.9462648e+01
   1.8318311e+01
   1.7874899e+01
   2.3286586e+01
   3.1636367e+01
   2.4468298e+01
   3.0404329e+01
   1.1469950e+01
   7.3030937e+00
   1.2015582e+01
   1.8071295e+01
   1.0523677e+01
   1.5659311e+01
   1.5158020e+01
   6.3350920e+00
   2.3945719e+01
   2.8478038e+01
   1.1789560e+01
   1.6067014e+01
   4.1943930e+01
   2.8097606e+01
   3.8348271e+01
   2.2725748e+01
   9.9232074e+00
   2.9478658e+01
   3.2391835e+01
   3.5303934e+01
   2.8697193e+01
   3.2366722e+01
   2.5193061e+01
   2.5825119e+01
   8.7121433e+00
   4.4335608e+00
   1.2375904e+01
   1.4365960e+01
   4.3128782e+00
   5.2196754e+00
   1.1029972e+01
   5.6110453e+00
   1.4253832e+01
   2.2120765e+01
   1.4705190e+01
   1.4923266e+01
   2.5484320e+01
   1.5237481e+01
   1.6872415e+01
   1.2425935e+01
   1.3176203e+01
   7.0990555e+00
   1.3776772e+01
   4.8710476e+00
   1.3538781e+01
   1.0889787e+01
   1.7564118e+01
   1.3347976e+01
   2.0010732e+01
   7.5250940e+00
   2.0137870e+01
   1.6314324e+01
   6.2641657e+00
   1.4199975e+01
   1.5649108e+01
   9.5467486e+00
   1.7998211e+01
   1.4329810e+01
   1.3541655e+01
   1.5257326e+01
   3.5636885e+01
   3.7337184e+01
   2.7080328e+01
   1.0813072e+02
   7.2134892e+01
   7.6008272e+01
   2.3736472e+01
   2.2592920e+01
   2.7150843e+01
   1.5447120e+02
   7.9799151e+01
   2.2140091e+02
   4.8930122e+01
   3.7355008e+01
   3.9223617e+01
   3.4100933e+01
   8.0507629e+00
   2.1970084e+01
   5.0065531e+01
   3.6260703e+01
   4.0594859e+01
   4.8494264e+01
   1.9258403e+01
   3.2680249e+01
   1.6001582e+01
   8.3771612e+00
   1.2539927e+01
   1.0166005e+02
   4.4401728e+01
   6.3605489e+01
   4.0833438e+01
   1.7870485e+01
   4.7702498e+01
   3.8023952e+01
   2.4659005e+01
   5.8434148e+01
   1.7742562e+01
   1.4788771e+01
   3.4950087e+01
   3.2505435e+01
   1.7659962e+01
   2.5831005e+01
   1.3510136e+01
   8.1246322e+00
   1.2525702e+01
   2.0281292e+01
   1.0498956e+01
   1.5437114e+01
   1.4146020e+01
   7.6122951e+00
   1.0807677e+01
   3.6210083e+01
   1.6937063e+01
   2.4824107e+01
   2.9157478e+01
   1.3448725e+01
   2.2882512e+01
   4.8868319e+01
   2.4610347e+01
   3.0190373e+01
   1.8089444e+01
   2.9650627e+01
   2.5359144e+01
   9.7984831e+00
   1.1195074e+01
   1.4471712e+01
   4.4415069e+01
   2.7186747e+01
   3.2799343e+01
   1.4412754e+01
   1.1098249e+01
   1.1251874e+01
   3.0648892e+01
   1.4059496e+01
   2.0933951e+01
   8.9215966e+00
   5.4840156e+00
   1.3711731e+01
   7.1002818e+01
   5.7589605e+01
   9.8278542e+01
   1.4180747e+01
   7.2116645e+00
   1.0254982e+01
   5.3136552e+01
   2.2470492e+01
   3.5608436e+01
   5.8266299e+01
   2.5823157e+01
   5.9237489e+01
   1.4881181e+01
   4.1223974e+00
   7.9961997e+00
   9.4714667e+00
   5.8769257e+00
   1.1026931e+01
   1.5446237e+01
   4.7124886e+00
   1.5896909e+01
   3.8148147e+02
   1.7072637e+02
   1.5894849e+02
   1.3225253e+01
   7.7277883e+00
   9.4807470e+00
   3.9307689e+01
   2.3047320e+01
   2.2901739e+01
   2.6383504e+01
   1.1772294e+01
   2.0100298e+01
   2.3400185e+01
   1.3981604e+01
   1.6637073e+01
   1.3462950e+02
   8.5076342e+01
   1.9567222e+02
   3.3011925e+01
   1.9514739e+01
   4.3856880e+01
   6.8621931e+01
   4.3086893e+01
   7.4434062e+01
   1.1717554e+01
   7.1754362e+00
   1.6248597e+01
   7.4884733e+01
   6.9415560e+01
   9.9938394e+01
   1.7576577e+01
   6.6222307e+00
   1.3300987e+01
   1.2837072e+01
   5.6200411e+00
   7.9152475e+00
   8.2739894e+01
   5.8485160e+01
   5.5341644e+01
   3.0652228e+01
   1.8790761e+01
   4.2456699e+01
   5.7944629e+01
   6.0706242e+01
   6.6591555e+01
   3.0554913e+01
   1.4541167e+01
   2.9178766e+01
   3.0118858e+01
   1.6249480e+01
   2.0580791e+01
   1.2680210e+01
   8.1588593e+00
   1.8915250e+01
   1.5251018e+01
   8.8675239e+00
   1.3827685e+01
   1.1844986e+01
   8.1312932e+00
   1.2568081e+01
   1.7990657e+01
   5.9026770e+00
   1.4605913e+01
   1.2918593e+01
   5.2574242e+00
   8.7291931e+00
   6.1767193e+01
   5.7609029e+01
   6.7334859e+01
   2.4369708e+01
   1.2044424e+01
   3.0259926e+01
   1.7606203e+01
   1.2800382e+01
   3.4721710e+01
   1.1085398e+01
   6.1320446e+00
   8.9705583e+00
   1.1257564e+01
   7.0385082e+00
   1.4590119e+01
   1.1512329e+02
   3.3056953e+01
   3.9264917e+01
   3.8970421e+01
   1.8826567e+01
   3.4416619e+01
   1.7133950e+01
   2.6684475e+01
   1.6287347e+01
   2.6298059e+01
   1.2842173e+01
   2.3717343e+01
   1.7659766e+01
   1.1983307e+01
   1.6892428e+01
   1.1525082e+01
   3.9993898e+00
   6.7515559e+00
   4.0416513e+01
   1.8478705e+01
   3.5880467e+01
   2.1539915e+01
   8.5940211e+00
   2.9598634e+01
   6.1271592e+01
   2.3423631e+01
   6.1887758e+01
   2.9187791e+01
   1.7640931e+01
   1.5231006e+01
   1.1090107e+01
   6.6650023e+00
   1.4738053e+01
   2.0644360e+01
   1.3903811e+01
   1.9558393e+01
   3.3198708e+01
   2.1046963e+01
   3.3635841e+01
   2.0909721e+02
   1.3897238e+02
   1.8541489e+02
   1.3460301e+02
   1.1074901e+02
   2.2181097e+02
   1.6998179e+01
   1.1004564e+01
   2.1050690e+01
   5.5947803e+02
   1.0640416e+02
   3.0239914e+02
   4.7266346e+01
   3.8713203e+01
   4.5571276e+01
   5.6079355e+01
   4.4940395e+01
   9.9411597e+01
   2.4897388e+01
   1.9747726e+01
   2.4091006e+01
   2.5036003e+01
   1.8850209e+01
   2.0048697e+01
   3.5253608e+01
   2.1389724e+01
   3.5763925e+01
   2.0252058e+01
   7.7171836e+00
   1.5084739e+01
   1.6000895e+01
   1.0819155e+01
   1.4831935e+01
   2.2222299e+01
   1.0186508e+01
   2.6119517e+01
   1.2332347e+01
   6.5722782e+00
   1.6812084e+01
   1.3177282e+01
   1.3164628e+01
   9.7758514e+00
   9.8242245e+01
   8.8405267e+01
   9.3524420e+01
   3.1961569e+01
   1.1538228e+01
   1.7063318e+01
   1.3411447e+01
   3.2708698e+00
   6.8970578e+00
   2.7330954e+01
   2.2625784e+01
   4.3724445e+01
   1.4183396e+01
   1.6310008e+01
   1.7592469e+01
   1.7424130e+00
   2.1972340e+00
   2.4205096e+00
   1.2926146e+01
   1.1271984e+01
   1.1313382e+01
   1.8818915e+01
   1.4150631e+01
   1.5643615e+01
   1.9577032e+01
   1.1049003e+01
   9.9809883e+00
   5.8990375e+01
   3.8772750e+01
   7.2384360e+01
   1.5362068e+01
   1.0001491e+01
   1.1402261e+01
   3.2325912e+01
   3.7240330e+01
   4.6216970e+01
   3.2674559e+01
   2.0227141e+01
   1.4868134e+01
   2.2925283e+01
   1.1547351e+01
   1.9142351e+01
   1.2549050e+01
   9.0481848e+00
   2.2142249e+01
   1.1302690e+01
   1.2896618e+01
   1.2312531e+01
   2.5791079e+01
   1.6344932e+01
   1.1971339e+01
   1.2608204e+01
   6.4471909e+00
   8.1047375e+00
   1.7388323e+01
   1.1035759e+01
   3.5570864e+01
   6.1065680e+01
   3.3244030e+01
   7.3683401e+01
   3.9614644e+01
   2.0559504e+01
   4.3622323e+01
   1.6534951e+01
   5.8388728e+00
   1.0856138e+01
   2.2229068e+01
   1.7126788e+01
   2.0665648e+01
   3.9883732e+01
   2.6404890e+01
   2.8241322e+01
   1.1244418e+01
   6.9757046e+00
   2.3771690e+01
   1.5119368e+01
   1.2091904e+01
   1.2849334e+01
   2.7371764e+01
   1.7954164e+01
   3.6020652e+01
   5.0990516e+01
   6.1789462e+01
   4.2653978e+01
   1.2119372e+02
   8.3904734e+01
   2.1078551e+02
   1.5457421e+01
   8.6402654e+00
   1.2560528e+01
   1.6790502e+01
   1.2379729e+01
   1.4430118e+01
   1.2800677e+01
   5.8178009e+00
   1.2899169e+01
   1.3506408e+01
   4.8988786e+00
   6.9181395e+00
   1.3475997e+01
   6.2206583e+00
   1.7912177e+01
   1.4405593e+01
   3.2234189e+01
   2.2474416e+01
   6.3454023e+01
   4.4676898e+01
   4.9007228e+01
   1.8120836e+01
   6.4106094e+00
   1.9508362e+01
   3.9166425e+01
   2.4756124e+01
   5.3558185e+01
   1.3821211e+01
   7.3865180e+00
   8.4959799e+00
   1.5098865e+01
   1.4737759e+01
   2.3777870e+01
   8.8228393e+00
   5.7259891e+00
   1.1026146e+01
   9.0731317e+01
   3.3423651e+01
   7.8510607e+01
   1.8726505e+01
   8.8513177e+00
   2.2956577e+01
   6.6647865e+01
   4.2363014e+01
   8.1901630e+01
   2.3976131e+01
   2.4976358e+01
   2.2470001e+01
   4.4374848e+01
   2.4863935e+01
   3.5005906e+01
   2.4019785e+01
   2.8094565e+01
   1.9159519e+01
   1.6852305e+01
   1.6149124e+01
   2.0121781e+01
   2.3944542e+01
   1.1550000e+01
   1.8512745e+01
   1.2336271e+01
   1.1158679e+01
   1.2719548e+01
   5.8024679e+01
   2.3449235e+01
   6.0804832e+01
   2.8573293e+01
   1.8527951e+01
   2.9690455e+01
   5.1187403e+02
   1.7970448e+02
   2.0496425e+02
   1.2191574e+01
   1.9097814e+01
   1.9303431e+01
   1.7747663e+01
   6.4744921e+00
   2.0925024e+01
   7.1370889e+02
   2.2536709e+02
   3.9341632e+02
   2.2614502e+02
   8.2331602e+01
   1.7768461e+02
   2.0450515e+01
   1.1131113e+01
   2.3348290e+01
   2.9355052e+01
   2.4963801e+01
   3.2465999e+01
   1.1998905e+01
   9.9116316e+00
   1.7156415e+01
   1.4247946e+01
   6.1991842e+00
   1.8933496e+01
   1.4243139e+01
   7.5609300e+00
   1.5352748e+01
   4.5836931e+01
   2.4445735e+01
   6.3829844e+01
   1.2122413e+01
   5.3425750e+00
   1.1134840e+01
   1.5203832e+01
   3.4268292e+00
   8.5953650e+00
   1.1216558e+01
   5.7571947e+00
   7.9247534e+00
   9.7112918e+00
   6.6501205e+00
   1.2803914e+01
   1.2495291e+01
   2.5291553e+00
   3.4363645e+00
   1.2815490e+01
   5.0591936e+00
   4.0168811e+00
   1.7184079e+01
   4.9532554e+00
   1.3247130e+01
   1.0014048e+01
   5.6964021e+00
   1.5318217e+01
   3.1047767e+01
   1.3222703e+01
   1.8027543e+01
   1.6505815e+01
   1.4173684e+01
   2.2428799e+01
   1.3826214e+01
   7.8514335e+00
   1.3493655e+01
   2.4628888e+01
   9.6121715e+00
   1.7165342e+01
   1.0186508e+01
   5.2584935e+00
   1.2188925e+01
   3.0438762e+01
   2.1514507e+01
   2.3289234e+01
   6.0979058e+01
   3.6755421e+01
   7.5377588e+01
   4.9917008e+01
   3.7732105e+01
   5.5816447e+01
   1.2731026e+01
   5.5837343e+00
   1.8717284e+01
   4.7640793e+01
   2.2310491e+01
   6.0883999e+01
   1.0970327e+01
   3.6942007e+00
   8.1857779e+00
   3.0291514e+01
   1.3923922e+01
   1.5183722e+01
   8.1319112e+00
   3.6500361e+00
   1.0929811e+01
   1.5423871e+01
   1.0065747e+01
   1.4402257e+01
   2.1218736e+01
   1.4150140e+01
   3.1068957e+01
   4.8540469e+01
   2.2474612e+01
   5.1098328e+01
   3.6039291e+01
   3.0820764e+01
   3.9709801e+01
   1.9624513e+01
   7.4472517e+00
   1.4096087e+01
   5.9293700e+01
   1.8045789e+01
   4.5586481e+01
   5.8841459e+01
   3.8745968e+01
   4.2601298e+01
   8.3274637e+01
   6.1974773e+01
   8.1116241e+01
   1.0407625e+02
   8.2834757e+01
   7.8959807e+01
   1.8882975e+01
   1.0697903e+01
   1.4861267e+01
   1.9899977e+01
   1.4277572e+01
   2.3187505e+01
   1.9798051e+01
   6.5144090e+00
   1.3264297e+01
   3.1239454e+01
   2.0438056e+01
   3.0236088e+01
   1.5999914e+01
   7.9788948e+00
   1.7221455e+01
   4.1192877e+01
   3.6246675e+01
   8.7107895e+01
   4.3615849e+01
   3.3226666e+01
   6.6293724e+01
   4.6116221e+01
   2.7394033e+01
   6.3515237e+01
   1.3819641e+01
   8.9014861e+00
   2.8629308e+01
   1.2790670e+01
   5.1253424e+00
   1.2250041e+01
   1.7077444e+01
   1.2220219e+01
   2.3498776e+01
   1.0035238e+01
   8.0756018e+00
   1.3951586e+01
   2.8969519e+01
   2.2563098e+01
   5.4270490e+01
   4.0251215e+01
   2.1742001e+01
   4.5071162e+01
   1.5870716e+01
   3.8699861e+00
   6.3149030e+00
   2.1822345e+01
   1.5321847e+01
   1.5822745e+01
   4.9838920e+01
   2.0969562e+01
   2.8603409e+01
   1.5711696e+01
   1.1495750e+01
   2.0187312e+01
   1.2647935e+01
   1.0089291e+01
   1.1874024e+01
   9.0771636e+00
   6.8974699e+00
   1.3517788e+01
   4.2065084e+01
   2.6464633e+01
   3.6062247e+01
   4.9149670e+01
   4.0369131e+01
   4.0933206e+01
   1.3430675e+01
   1.3918036e+01
   1.7803286e+01
   1.8832846e+01
   2.6866451e+01
   2.1112886e+01
   3.5544083e+01
   1.6931079e+01
   2.4579249e+01
   3.0562074e+01
   1.0827591e+01
   2.0241758e+01
   7.6039468e+00
   5.8834003e+00
   1.2776838e+01
   1.4112470e+01
   7.0802105e+00
   1.5550518e+01
   2.4275924e+01
   2.4321639e+01
   2.6627087e+01
   1.5015873e+01
   7.0721369e+00
   1.3421061e+01
   2.0999384e+01
   1.8664408e+01
   2.6097151e+01
   1.5661959e+01
   1.1843809e+01
   1.9308532e+01
   5.4758047e+01
   4.9446030e+01
   7.2701910e+01
   8.2551150e+00
   3.7463409e+00
   1.1103350e+01
   6.4442773e+01
   4.4919990e+01
   2.5977370e+01
   5.5996853e+01
   5.0587423e+01
   1.9616272e+01
   1.8006451e+01
   1.6561438e+01
   9.1194741e+00
   3.5311193e+01
   2.4153495e+01
   2.1097092e+01
   6.2214922e+01
   3.2767951e+01
   2.8331574e+01
   4.8755602e+01
   5.3478724e+01
   4.0316451e+01
   1.2329502e+02
   6.0196122e+01
   3.7422599e+01
   1.1818892e+01
   1.1149654e+01
   9.6965179e+00
   1.6806198e+01
   1.3267829e+01
   1.9916851e+01
   2.5450868e+01
   1.4378517e+01
   2.2971587e+01
   1.2109170e+01
   1.3519259e+01
   3.5032393e+01
   2.3869888e+01
   2.0506628e+01
   2.8058660e+01
   1.2842860e+01
   3.6950836e+00
   2.0364481e+01
   1.4130913e+01
   7.0183192e+00
   2.1355880e+01
   9.3115245e+00
   6.2661375e+00
   1.3716832e+01
   2.4413460e+01
   7.0958281e+00
   1.4832524e+01
   1.9617155e+01
   1.5400327e+01
   1.8364712e+01
   1.3088698e+01
   1.0170223e+01
   1.5488813e+01
   9.5745502e+00
   4.2766695e+00
   1.4275414e+01
   1.2977158e+01
   4.0752800e+00
   1.3399577e+01
   3.4061105e+01
   1.0010418e+01
   3.7101126e+01
   3.9673994e+01
   1.9916556e+01
   3.6410404e+01
   1.5758490e+01
   6.4527924e+00
   1.3249190e+01
   8.4825304e+00
   5.6511878e+00
   1.1762877e+01
   3.9493000e+01
   1.3942070e+01
   2.8973148e+01
   9.3743183e+00
   7.4338708e+00
   1.4272373e+01
   8.2954145e+01
   4.0541296e+01
   5.2862853e+01
   1.1263548e+01
   2.5769104e+00
   7.8194431e+00
   9.5526739e+00
   5.1824464e+00
   1.1825563e+01
   1.6327862e+01
   1.2082094e+01
   1.5673045e+01
   2.7178213e+01
   8.9640346e+00
   2.2141562e+01
   4.2658098e+01
   1.2472924e+01
   3.6460729e+01
   1.4150631e+01
   8.1297922e+00
   1.8147225e+01
   1.9552311e+01
   1.2031082e+01
   1.9586450e+01
   1.4661143e+01
   3.5116563e+00
   2.8594678e+00
   1.1340556e+01
   6.4092360e+00
   6.7533806e+00
   1.5675007e+01
   8.9504968e+00
   2.9728714e+01
   3.5648951e+01
   2.0021425e+01
   7.1897588e+01
   1.4513012e+01
   7.2207290e+00
   9.9622512e+00
   1.2320870e+01
   1.4888833e+01
   1.1527240e+01
   1.2181764e+01
   4.4260267e+00
   7.5619698e+00
   2.9716452e+01
   1.1429042e+01
   4.6074627e+01
   1.5684228e+01
   6.7924342e+00
   1.1485254e+01
   7.4591806e+01
   6.0760786e+01
   7.4406103e+01
   3.1660598e+01
   1.3951684e+01
   9.6813713e+00
   7.0751584e+00
   1.6917639e+01
   1.1292487e+01
   1.2613306e+01
   6.7092552e+00
   1.0654543e+01
   1.8321941e+01
   1.1381366e+01
   1.7502511e+01
   1.3617163e+01
   6.0092332e+00
   2.0080874e+01
   3.0236284e+01
   1.8185091e+01
   3.0781327e+01
   2.9175823e+01
   1.4413833e+01
   2.4059417e+01
   1.2984516e+01
   7.3320921e+00
   9.6774277e+00
   5.1122068e+01
   1.3155799e+01
   4.9378929e+01
   3.9137289e+01
   1.3371226e+01
   1.7669282e+01
   4.1040625e+01
   3.2730280e+01
   3.3165550e+01
   5.7297267e+01
   3.4891521e+01
   5.0057977e+01
   1.1820658e+01
   4.7450283e+00
   7.5484320e+00
   1.2461643e+01
   3.7163419e+00
   1.4448168e+01
   1.4422858e+01
   1.1921995e+01
   1.4140134e+01
   2.4483504e+01
   1.3075553e+01
   1.6797074e+01
   1.6152950e+01
   3.8936380e+00
   1.5411314e+01
   4.8312680e+01
   1.6464515e+01
   2.3445998e+01
   2.5705143e+01
   2.5088584e+01
   1.9634911e+01
   8.5987004e+01
   1.0013263e+02
   9.7197480e+01
   1.0128923e+01
   6.5666963e+00
   9.9199701e+00
   1.6351308e+01
   1.6920877e+01
   1.8813618e+01
   1.7405981e+01
   5.9821772e+00
   1.8651164e+01
   6.4332410e+00
   2.6225858e+00
   1.1763073e+01
   9.2523898e+00
   4.4965116e+00
   1.6675823e+01
   1.1507817e+01
   3.3402756e+00
   4.1488942e+00
   1.0505627e+01
   2.0998992e+00
   2.1285640e+00
   1.0053877e+02
   1.1364296e+02
   1.0266852e+02
   2.9761382e+01
   1.8041080e+01
   3.4399059e+01
   1.6411345e+01
   6.2712093e+00
   1.2394346e+01
   1.1147103e+01
   3.4065617e+00
   9.9296820e+00
   2.2658942e+01
   1.2545224e+01
   2.4002912e+01
   9.0116230e+00
   6.8801552e+00
   1.0482770e+01
   8.2471689e+01
   7.5406625e+01
   7.0614734e+01
   9.0698944e+00
   6.3985136e+00
   1.5629096e+01
   4.0206481e+01
   2.2974628e+01
   3.6728836e+01
   2.0319453e+01
   2.0296498e+01
   2.6062619e+01
   3.5472077e+01
   2.0057330e+01
   4.6933689e+01
   2.3776693e+01
   1.6635896e+01
   2.7045385e+01
   1.1952112e+01
   8.1956958e+00
   1.8655088e+01
   1.4208804e+02
   1.6363178e+02
   1.3403403e+02
   3.7600945e+01
   3.4521096e+01
   3.0444550e+01
   5.1700171e+01
   2.1090813e+01
   4.0063746e+01
   2.0872443e+01
   1.1598657e+01
   2.1926037e+01
   1.0800123e+01
   7.0409313e+00
   2.5090350e+01
   2.6251168e+01
   2.0161218e+01
   2.6503481e+01
   2.2212292e+01
   1.1577370e+01
   2.9921579e+01
   1.0562721e+01
   1.1209691e+01
   1.0148641e+01
   2.8593207e+01
   1.3002174e+01
   1.1869904e+01
   2.0094215e+01
   8.7026766e+00
   6.2830597e+00
   1.7150234e+01
   1.1507032e+01
   1.6057498e+01
   5.5484281e+01
   4.1142453e+01
   5.9904961e+01
   1.3305205e+01
   1.2380024e+01
   3.7267699e+01
   1.9581447e+01
   1.9301960e+01
   1.7041049e+01
   8.9374496e+00
   6.0697217e+00
   1.3862217e+01
   1.8943012e+01
   1.1144062e+01
   1.2276430e+01
   1.9849554e+01
   5.4102150e+00
   9.3875716e+00
   1.1300924e+01
   4.5559602e+00
   6.8244933e+00
   5.1423628e+01
   2.6066249e+01
   5.5516458e+01
   6.5162729e+01
   2.0615028e+01
   5.6675313e+01
   5.1327686e+01
   1.9538675e+01
   8.7940666e+01
   4.6870905e+01
   2.1791934e+01
   3.0325359e+01
   2.5517085e+01
   1.1169764e+01
   1.2648916e+01
   5.0147641e+01
   2.3705473e+01
   4.6371576e+01
   3.3086285e+01
   1.2268386e+01
   1.9968746e+01
   1.2402292e+01
   4.3588871e+00
   6.2538750e+00
   1.3240263e+01
   7.9482778e+00
   9.0147425e+00
   1.3465795e+02
   6.8628798e+01
   1.4049980e+02
   4.5233321e+01
   2.0831927e+01
   4.5843798e+01
   1.3452551e+01
   9.1442640e+00
   2.8810891e+01
   3.6595322e+01
   1.4331429e+01
   1.7984281e+01
   1.2049427e+01
   3.9509481e+00
   1.1715691e+01
   1.5664412e+01
   3.9889520e+00
   1.0853392e+01
   8.2381829e+01
   4.2143858e+01
   6.8791938e+01
   4.9796050e+01
   2.0897851e+01
   4.5900205e+01
   2.7228734e+01
   9.9415521e+00
   1.5355887e+01
   1.0414688e+01
   4.2905114e+00
   8.4141351e+00
   1.1308379e+01
   4.5923945e+00
   1.2661080e+01
   3.4167151e+01
   1.6109393e+01
   2.1177534e+01
   2.6333179e+01
   8.7515795e+00
   2.0001609e+01
   1.8508429e+01
   1.2499510e+01
   2.1414053e+01
   1.8034900e+01
   1.4059398e+01
   2.0260985e+01
   1.0967776e+01
   5.2290243e+00
   8.6630737e+00
   4.1267433e+01
   2.3557047e+01
   3.6827329e+01
   3.2802384e+01
   2.5959614e+01
   3.9514484e+01
   1.6253012e+01
   7.9679469e+00
   2.1063443e+01
   1.2887593e+01
   8.4515504e+00
   2.2845038e+01
   1.5753879e+01
   5.3133020e+00
   1.1967317e+01
   1.8508429e+01
   1.2499510e+01
   2.1414053e+01
   1.8034900e+01
   1.4059398e+01
   2.0260985e+01
   1.0967776e+01
   5.2290243e+00
   8.6630737e+00
   4.1267433e+01
   2.3557047e+01
   3.6827329e+01
   3.2802384e+01
   2.5959614e+01
   3.9514484e+01
   1.6253012e+01
   7.9679469e+00
   2.1063443e+01
   1.2887593e+01
   8.4515504e+00
   2.2845038e+01
   1.5753879e+01
   5.3133020e+00
   1.1967317e+01
   1.5654896e+01
   2.8460968e+01
   2.1439068e+01
   1.1773079e+01
   1.3553594e+01
   1.5647342e+01
   1.1843221e+01
   6.2710033e+00
   1.4133659e+01
   3.0207246e+01
   1.3684459e+01
   1.8197648e+01
   1.5348824e+01
   8.3795254e+00
   1.7762869e+01
   2.4335569e+01
   1.4377242e+01
   1.7875880e+01
   3.8570271e+01
   8.5108225e+00
   1.3806202e+01
   1.9106446e+01
   9.6718654e+00
   1.1877163e+01
   1.5325771e+01
   9.5937091e+00
   1.5824020e+01
   3.8189349e+01
   1.5373840e+01
   2.3911286e+01
   2.2326187e+01
   2.6751576e+01
   4.4728008e+01
   8.4744862e+00
   7.2081329e+00
   1.4233133e+01
   2.7140542e+01
   1.7267268e+01
   4.2291891e+01
   1.6848283e+01
   6.8616732e+00
   1.6678766e+01
   1.5950569e+01
   5.1148653e+00
   1.9334725e+01
   2.1039605e+02
   1.2914276e+02
   2.9365352e+02
   1.5867283e+01
   1.0024348e+01
   1.7434136e+01
   1.1315835e+01
   6.7097555e+00
   2.0847329e+01
   1.6698680e+01
   1.2678052e+01
   1.4742860e+01
   1.3465108e+01
   8.0421988e+00
   8.6532538e+00
   1.1613470e+01
   6.2071107e+00
   1.2076797e+01
   2.0633373e+01
   1.4448953e+01
   2.0638768e+01
   1.1738548e+02
   5.0025310e+01
   1.2788905e+02
   4.8930612e+02
   2.6670741e+02
   4.7492172e+02
   3.3372933e+01
   1.6969828e+01
   3.9416286e+01
   2.6783360e+01
   1.5451339e+01
   2.4703836e+01
   1.8622813e+01
   1.9494236e+01
   2.2064554e+01
   2.2759298e+01
   1.3578217e+01
   1.6800115e+01
   8.5832791e+01
   6.9564378e+01
   1.6302847e+02
   8.0881488e+00
   4.4231426e+00
   1.1353309e+01
   1.8004293e+02
   1.3203279e+02
   1.9676702e+02
   1.4629751e+01
   8.4401708e+00
   1.8075023e+01
   1.4579230e+01
   5.9922815e+00
   1.1543819e+01
   1.8847462e+01
   1.0771870e+01
   3.0795061e+01
   3.3821545e+01
   1.7995954e+01
   3.6397847e+01
   2.6356331e+01
   1.7710189e+01
   2.6737744e+01
   1.3414586e+01
   3.7008617e+00
   9.5940230e+00
   3.8682890e+01
   2.8366007e+01
   7.2881433e+01
   9.6512546e+00
   4.9243747e+00
   1.4050569e+01
   2.2420853e+01
   4.9295152e+00
   1.7007597e+01
   4.2641323e+00
   2.0684777e+00
   5.1261468e+00
   1.7773267e+01
   2.0092057e+01
   2.0255492e+01
   5.4607954e+01
   4.1519844e+01
   7.6121774e+01
   1.7485736e+01
   5.8982723e+00
   1.1382249e+01
   3.1941066e+01
   2.1948011e+01
   2.2814234e+01
   3.8417530e+01
   2.2073971e+01
   3.3653990e+01
   1.8752109e+01
   6.6873887e+00
   1.6826014e+01
   1.1822227e+01
   5.2099340e+00
   2.0245191e+01
   3.2293343e+01
   2.5833065e+01
   3.1846792e+01
   5.0847584e+01
   2.2934505e+01
   8.3471132e+01
   6.0477767e+00
   4.5284824e+00
   1.1343597e+01
   2.1644293e+01
   7.7070892e+00
   1.1936514e+01
   1.7634652e+02
   9.0781642e+01
   1.2563569e+02
   1.5585147e+01
   3.6587474e+00
   7.4340474e+00
   1.4168975e+01
   6.1569522e+00
   1.2454286e+01
   4.1518372e+01
   1.3991218e+01
   2.3726662e+01
   9.1061914e+00
   6.5957339e+00
   1.0844268e+01
   2.2424287e+01
   6.4312104e+00
   1.8558362e+01
   1.4156320e+01
   9.2472592e+00
   9.9418464e+00
   2.1276124e+01
   1.1329667e+01
   1.9666401e+01
   1.2181960e+01
   1.1503893e+01
   1.1694010e+01
   1.2456542e+01
   8.7840604e+00
   1.4668893e+01
   1.0847800e+01
   5.0815309e+00
   9.9255618e+00
   1.9708584e+01
   5.6612137e+00
   1.5628507e+01
   1.4051844e+01
   5.6547292e+00
   1.5106615e+01
   1.3180716e+01
   1.2527664e+01
   1.8867181e+01
   1.2577990e+01
   6.0073889e+00
   1.0637277e+01
   1.2840015e+01
   4.1388979e+00
   1.0673280e+01
   1.8198335e+01
   8.4761343e+00
   1.7995660e+01
   1.5107792e+01
   9.1698583e+00
   1.5189019e+01
   1.2500491e+01
   7.0301305e+00
   1.1522041e+01
   3.6186539e+01
   2.0536254e+01
   4.6225799e+01
   1.8691484e+01
   1.0457166e+01
   1.8000859e+01
   1.1473972e+01
   5.5456028e+00
   9.2758455e+00
   1.3668862e+01
   6.3936283e+00
   9.3877482e+00
   1.6090853e+01
   6.6110865e+00
   1.2997563e+01
   1.5365795e+01
   4.1846125e+00
   1.6426158e+01
   8.9795933e+00
   8.0357438e+00
   1.7387440e+01
   1.1417957e+01
   2.5708871e+00
   1.2887986e+01
   2.2725748e+01
   1.0297066e+01
   2.2863971e+01
   9.1212105e+00
   3.2159240e+00
   1.3656697e+01
   1.4192019e+01
   1.8364654e+01
   2.4666009e+01
   9.9524706e+00
   8.0142854e+00
   1.6896646e+01
   1.9524941e+01
   9.1389764e+00
   1.4195953e+01
   1.1570012e+01
   4.3434364e+00
   1.3763528e+01
   1.2260342e+01
   1.1270905e+01
   1.3926178e+01
   1.7879412e+01
   1.1464260e+01
   2.0842915e+01
   2.4679802e+01
   1.0308642e+01
   1.9168151e+01
   1.8257293e+01
   1.1663698e+01
   1.9461372e+01
   1.5129178e+01
   1.0636787e+01
   1.2087882e+01
   1.1781810e+01
   5.9113490e+00
   1.3210833e+01
   9.0284275e+00
   4.7191496e+00
   1.1111689e+01
   3.8353765e+01
   1.5299774e+01
   2.7938782e+01
   7.2377297e+00
   4.1436753e+00
   1.1022418e+01
   1.3556537e+01
   6.4107369e+00
   1.3624422e+01
   1.1129543e+01
   4.4034637e+00
   1.6648060e+01
   1.0947568e+01
   6.9089868e+00
   1.0765396e+01
   1.8717088e+01
   5.0914194e+00
   1.6102036e+01
   7.1145553e+00
   2.0187312e+00
   1.5012145e+01
   1.0049953e+01
   3.3725505e+00
   1.0599607e+01
   1.8758093e+01
   7.4600734e+00
   1.3113812e+01
   5.3290274e+01
   2.0566174e+01
   7.1293390e+01
   3.8385255e+01
   2.8723876e+01
   4.3659013e+01
   1.2625961e+01
   5.8662132e+00
   4.7462055e+00
   1.4134935e+01
   3.8105179e+00
   8.8432049e+00
   1.2988734e+01
   1.0367797e+01
   1.5579163e+01
   6.9595377e+01
   3.5540649e+01
   5.6551413e+01
   1.3950997e+01
   7.7920143e+00
   1.5770458e+01
   3.2292067e+01
   1.3769414e+01
   2.5803832e+01
   5.2022430e+01
   1.7989872e+01
   3.5726548e+01
   5.1541053e+01
   2.2679837e+01
   4.1178652e+01
   2.1362060e+01
   1.2785471e+01
   3.3249818e+01
   1.5797239e+01
   6.1288858e+00
   1.7213803e+01
   3.4371297e+01
   1.8109064e+01
   3.8337088e+01
   9.1415172e+00
   4.2296894e+00
   1.1351053e+01
   1.5215997e+01
   1.2053939e+01
   2.1705704e+01
   1.1057047e+02
   6.6814242e+01
   4.9839018e+01
   1.9987973e+01
   1.7401959e+01
   2.1436125e+01
   5.8812421e+01
   6.1563538e+01
   1.4141998e+02
   5.5592191e+01
   8.7186473e+01
   1.4742664e+02
   1.3909403e+01
   1.5830789e+01
   1.5254256e+01
   8.2357010e+00
   1.9559276e+00
   1.2421814e+01
   1.5991477e+01
   8.9407948e+00
   2.4593768e+01
   1.9654825e+01
   1.4011329e+01
   1.5923003e+01
   1.9579779e+01
   1.2159103e+01
   1.4401178e+01
   3.0140440e+01
   2.0655936e+01
   3.3705885e+01
   4.1579783e+01
   1.4404415e+01
   3.1220816e+01
   1.1190463e+01
   4.6744748e+00
   8.9282576e+00
   1.6794328e+01
   1.7104225e+01
   2.1119655e+01
   6.4939159e+00
   4.7642167e+00
   1.1511250e+01
   1.6965806e+01
   1.2171561e+01
   2.1035289e+01
   1.4677133e+01
   1.1211260e+01
   1.1897372e+01
   2.5704652e+01
   8.4519428e+00
   3.7773405e+01
   2.2488738e+01
   8.8669156e+00
   2.1756912e+01
   1.5254354e+01
   9.6885130e+00
   1.2513047e+01
   2.1855208e+01
   4.8222232e+00
   9.9279162e+00
   2.3642590e+01
   1.2623312e+01
   2.1057557e+01
   3.8931868e+01
   2.7042246e+01
   6.2685802e+01
   3.3884819e+01
   2.1672154e+01
   2.1064719e+01
   2.6409011e+01
   2.0294536e+01
   1.8343915e+01
   8.8486789e+00
   5.7845940e+00
   1.2864736e+01
   3.6616021e+02
   1.8502249e+02
   3.3965653e+02
   1.2873271e+01
   1.1837825e+01
   1.9786279e+01
   6.3457751e+01
   6.0047500e+01
   1.3906264e+02
   2.9359859e+01
   1.2870720e+01
   7.1239337e+01
   2.8363751e+01
   1.0778541e+01
   3.6104724e+01
   9.9865800e+00
   6.2195106e+00
   7.8488437e+00
   2.2875056e+01
   8.3505172e+00
   2.0909426e+01
   4.3762312e+01
   2.3089503e+01
   1.7785138e+01
   1.9169917e+01
   1.7234993e+01
   2.5438605e+01
   2.0501134e+01
   8.6906692e+00
   1.5731316e+01
   1.7233325e+02
   9.1419586e+01
   1.2324401e+02
   1.2666672e+01
   7.4936530e+00
   1.0434308e+01
   3.8364359e+01
   1.4396567e+01
   2.6889995e+01
   1.5670396e+02
   3.6395689e+01
   1.1396277e+02
   2.2433704e+01
   1.0936973e+01
   2.1711590e+01
   9.9258561e+01
   3.7396995e+01
   6.8555517e+01
   1.0726548e+02
   5.3361103e+01
   5.7703793e+01
   7.7473788e+01
   5.7756277e+01
   9.3339796e+01
   2.3118148e+01
   9.0782525e+00
   2.1130740e+01
   3.2666123e+01
   1.6655320e+01
   2.2013346e+01
   5.8270027e+01
   1.6820422e+01
   3.9189282e+01
   1.9678075e+01
   7.0383709e+00
   2.2120961e+01
   8.1085830e+00
   1.4047233e+01
   8.2323166e+00
   4.5259808e+01
   1.6423902e+01
   2.7107188e+01
   2.9319147e+01
   2.9289030e+01
   3.5425774e+01
   1.1971928e+01
   1.4884321e+01
   2.1669113e+01
   5.0183644e+01
   2.5224649e+01
   4.6667936e+01
   1.1945048e+01
   5.5763081e+00
   8.4451347e+00
   1.9108507e+01
   1.0492482e+01
   1.7855181e+01
   9.1968750e+01
   3.0180171e+01
   5.2050879e+01
   4.0922709e+01
   2.2158534e+01
   2.6893723e+01
   4.9827246e+01
   2.5117524e+01
   2.8331084e+01
   8.0860200e+00
   3.7378356e+00
   1.5218351e+01
   2.7188415e+01
   1.1043509e+01
   2.0450515e+01
   1.4642308e+01
   8.2162085e+00
   1.5674909e+01
   1.5296635e+01
   1.2408473e+01
   1.7349181e+01
   2.9227129e+01
   1.7727651e+01
   3.9591198e+01
   1.1550784e+01
   6.6985917e+00
   9.5450319e+00
   2.9288932e+01
   1.8080615e+01
   2.1896509e+01
   5.0994636e+01
   3.0286315e+01
   7.6384192e+01
   6.5190883e+01
   3.8140201e+01
   7.6879498e+01
   1.6189737e+01
   6.8789976e+00
   1.3725367e+01
   1.2490484e+01
   4.2894519e+00
   1.2189121e+01
   3.0370583e+01
   2.8254173e+01
   4.2820160e+01
   1.1722263e+01
   7.4304177e+00
   1.9265663e+01
   3.1233765e+01
   2.3373698e+01
   3.0331833e+01
   1.3358964e+01
   4.8623854e+00
   8.9753750e+00
   1.2609872e+02
   7.0087643e+01
   1.0004728e+02
   1.0634923e+01
   2.8460674e+01
   1.3467364e+01
   8.5054171e+00
   3.0304954e+00
   1.0823471e+01
   1.3261256e+01
   1.2556211e+01
   2.7529214e+01
   1.1340851e+01
   1.1918856e+01
   2.0687034e+01
   1.4368020e+01
   1.2037262e+01
   1.1904925e+01
   1.0108813e+01
   5.0770674e+00
   1.5851783e+01
   7.0490540e+01
   1.5778208e+01
   6.5082777e+01
   2.4426115e+01
   1.1728444e+01
   2.8527970e+01
   1.3192292e+01
   7.2579089e+00
   7.6196821e+00
   2.1882578e+01
   1.8189015e+01
   2.4365391e+01
   1.2577401e+01
   7.2309019e+00
   1.2515304e+01
   1.0785703e+01
   7.5064747e+00
   1.0397815e+01
   1.2092689e+01
   1.0545161e+01
   1.1337025e+01
   9.8335440e+01
   1.3969244e+02
   2.0192610e+02
   1.6615786e+01
   1.1545978e+01
   1.9377693e+01
   9.3619184e+00
   5.5538628e+00
   1.6348855e+01
   8.2386734e+01
   3.1244948e+01
   2.8362280e+01
   2.7778879e+01
   1.0842502e+01
   2.7658020e+01
   1.7422756e+01
   5.9102797e+00
   9.2178488e+00
   2.4346164e+01
   1.0150701e+01
   1.7684291e+01
   7.9210256e+01
   3.2116174e+01
   6.4403140e+01
   4.2313179e+01
   3.1079944e+01
   3.1819422e+01
   1.3031898e+01
   1.2528155e+01
   2.2758219e+01
   1.2857771e+01
   5.3084166e+00
   9.7102323e+00
   8.4828541e+00
   5.0954121e+00
   1.1036642e+01
   7.0091763e+01
   3.4491077e+01
   6.8299084e+01
   1.1577468e+01
   4.7633436e+00
   1.6912734e+01
   1.8041473e+01
   3.7049133e+00
   1.2494212e+01
   7.7460545e+00
   1.1225387e+01
   1.1348110e+01
   1.2659216e+01
   5.2544224e+00
   9.9640170e+00
   1.4432472e+01
   7.2536415e+00
   1.6851716e+01
   9.6069232e+00
   1.6636387e+01
   1.7323577e+01
   1.6869668e+01
   7.2030808e+00
   1.2039519e+01
   1.0498368e+01
   5.1840356e+00
   7.7350967e+00
   7.8417118e+00
   1.0635119e+01
   1.1748652e+01
   2.2524545e+01
   2.9305903e+01
   1.9291954e+01
   1.8628307e+01
   1.6203471e+01
   1.8739062e+01
   3.6216950e+01
   1.9008052e+01
   2.8288606e+01
   2.1054516e+01
   1.6453724e+01
   2.4089632e+01
   1.3975228e+01
   5.5938876e+00
   9.9724536e+00
   5.6798232e+01
   2.5215134e+01
   3.6638388e+01
   3.6109531e+02
   1.8743280e+02
   2.9529768e+02
   7.1267099e+01
   5.3461361e+01
   4.6966258e+01
   1.8985685e+01
   9.5907073e+00
   1.8090131e+01
   1.2422697e+01
   6.8078751e+00
   1.3257528e+01
   1.3346014e+01
   1.0853097e+01
   1.5758882e+01
   1.0836813e+02
   5.3614495e+01
   1.3548002e+02
   1.2880334e+01
   1.0332775e+01
   1.4292385e+01
   4.5133946e+01
   3.6333787e+01
   3.5800712e+01
   2.8749186e+01
   1.6718104e+01
   2.7588074e+01
   1.7326912e+01
   1.1366062e+01
   1.9769603e+01
   1.9820811e+01
   8.9012016e+00
   2.4990092e+01
   1.7869994e+01
   8.7416714e+00
   1.5274857e+01
   8.4540029e+00
   7.1026460e+00
   1.6557318e+01
   4.4583899e+01
   1.9637069e+01
   3.1493043e+01
   1.5024309e+01
   1.0632863e+01
   8.5606965e+00
   2.4069424e+01
   1.2577695e+01
   2.8308619e+01
   5.0598410e+01
   2.5214349e+01
   4.0613106e+01
   1.7671145e+01
   1.2024313e+01
   1.5290651e+01
   1.2263481e+02
   1.1459355e+02
   2.0904031e+02
   1.4240785e+01
   8.0626134e+00
   1.0552911e+01
   3.5318060e+01
   2.9201231e+01
   1.9701815e+01
   1.3108809e+01
   9.2667124e+00
   1.5518733e+01
   1.2064436e+01
   5.2487228e+00
   1.2503041e+01
   1.1996649e+01
   1.2408375e+01
   7.7571300e+00
   7.7463292e+00
   2.9998097e+00
   1.2493918e+01
   1.0450887e+02
   4.9911318e+01
   7.6775120e+01
   3.1081612e+01
   2.9025239e+01
   4.2891772e+01
   2.9667108e+01
   1.5309192e+01
   3.0261397e+01
   9.3705022e+00
   4.4003736e+00
   1.2407296e+01
   2.3313073e+01
   2.5031981e+01
   2.7496449e+01
   9.8421768e+00
   5.9001460e+00
   1.5258082e+01
   1.1737371e+01
   5.4428038e+00
   9.1024537e+00
   8.3503210e+00
   5.1177004e+00
   1.2336664e+01
   1.1397748e+01
   4.8129822e+00
   1.0725077e+01
   1.4029477e+01
   1.0486203e+01
   1.5166064e+01
   2.7757591e+01
   1.4773468e+01
   2.9832504e+01
   1.1865391e+01
   4.6463397e+00
   5.7449616e+00
   1.3548199e+01
   6.8189408e+00
   1.4427175e+01
   3.4406515e+01
   1.1714219e+01
   1.9513463e+01
   1.4587764e+01
   9.3505094e+00
   2.9347596e+01
   1.0475412e+01
   3.5515045e+00
   8.3504290e+00
   1.2085528e+01
   4.2289046e+00
   1.2402391e+01
   8.3125722e+00
   4.8236653e+00
   1.0896065e+01
   1.1204099e+01
   5.6315384e+00
   9.5379883e+00
   2.9880671e+01
   3.4470967e+01
   3.7010285e+01
   1.7663592e+01
   1.9324130e+01
   2.0589718e+01
   2.7014386e+01
   1.1114632e+01
   2.7040774e+01
   1.7723040e+01
   1.2795477e+01
   1.4683902e+01
   1.1390097e+01
   5.8782501e+00
   1.1207042e+01
   1.1051848e+01
   5.5185763e+00
   7.4612309e+00
   1.2481852e+01
   9.2023392e+00
   1.3574587e+01
   1.2977551e+01
   7.5845721e+00
   9.0627821e+00
   1.2431722e+01
   6.9563004e+00
   1.1410109e+01
   1.7791808e+02
   1.1440912e+02
   2.8861510e+02
   7.4148296e+01
   3.0027331e+01
   6.3907539e+01
   3.2074874e+01
   2.7264639e+01
   2.3589224e+01
   3.7400527e+01
   2.0755115e+01
   7.7371961e+01
   1.7666044e+01
   7.8686108e+00
   3.0942506e+01
   1.2595746e+01
   6.5026762e+00
   1.3957178e+01
   8.3719815e+00
   5.3206006e+00
   1.0950020e+01
   7.3687423e+01
   2.0890297e+01
   4.7035909e+01
   2.9237037e+02
   6.0275485e+01
   2.0708027e+02
   1.9889873e+02
   9.0615362e+01
   8.8446371e+01
   1.6212987e+01
   1.0222707e+01
   1.5402779e+01
   1.8692366e+01
   2.2808839e+01
   1.6901355e+01
   1.5001550e+01
   3.8557322e+00
   7.6434124e+00
   1.8623304e+01
   1.1508405e+01
   1.7237838e+01
   5.1305319e+01
   1.7184864e+01
   2.8296749e+01
   5.9464492e+01
   1.6690636e+01
   3.9756006e+01
   2.6845555e+01
   1.2972940e+01
   1.2759671e+01
   2.3217425e+01
   1.2609185e+01
   2.2121452e+01
   1.9547602e+01
   1.0563016e+01
   1.5106223e+01
   1.5429953e+01
   1.0892435e+01
   1.4127185e+01
   6.1261096e+01
   2.4955953e+01
   5.6346678e+01
   2.2578892e+01
   1.4338786e+01
   1.9074662e+01
   6.2820395e+01
   3.7081996e+01
   6.4696656e+01
   2.2570848e+01
   1.3357688e+01
   2.0991438e+01
   1.3267338e+01
   1.7260499e+01
   1.9238882e+01
   1.1412856e+02
   1.1062050e+02
   1.1794073e+02
   3.2353380e+01
   8.8162666e+00
   2.6456883e+01
   3.6833803e+02
   4.7938821e+02
   7.3398910e+02
   1.1846948e+02
   4.3456829e+01
   1.3865552e+02
   1.0660135e+01
   1.1164957e+01
   1.3750481e+01
   4.5603845e+01
   2.1678530e+01
   4.1187187e+01
   1.3319429e+01
   1.1302101e+01
   1.3278325e+01
   1.8636842e+01
   5.2845587e+00
   4.7596060e+00
   7.7125828e+01
   4.4263112e+01
   3.0691762e+01
   1.2377375e+01
   7.6978089e+00
   8.5973467e+00
   2.5829239e+01
   2.3021814e+01
   5.3916152e+01
   1.0701435e+02
   4.2803090e+01
   6.3223684e+01
   6.2630768e+00
   9.6077668e+00
   1.5249351e+01
   5.4575482e+01
   1.3486396e+01
   3.1112807e+01
   1.1327215e+02
   1.0350629e+02
   1.2364426e+02
   1.7195360e+01
   1.3308246e+01
   2.8886134e+01
   4.6516960e+01
   1.9443812e+01
   4.7014621e+01
   6.6265275e+02
   8.4300175e+02
   4.5063216e+02
   4.6098858e+01
   1.9152848e+01
   1.0563800e+01
   2.8300280e+02
   1.5375802e+02
   1.4083236e+02
   1.2169992e+01
   5.5093451e+00
   8.6667916e+00
   2.3199767e+01
   1.3509351e+01
   2.7788493e+01
   9.3499895e+01
   9.9057456e+01
   2.4847945e+02
   2.1699818e+01
   1.6997885e+01
   1.9011290e+01
   1.3536819e+01
   2.9118729e+00
   7.6395473e+00
   9.9151632e+00
   3.7577107e+00
   1.0255276e+01
   3.0191550e+01
   1.3438032e+01
   2.8899181e+01
   2.4517250e+01
   1.7190554e+01
   3.5943153e+01
   1.8398066e+01
   9.2174662e+00
   2.4551781e+01
   1.2462526e+01
   7.7300348e+00
   1.3005902e+01
   1.9413990e+01
   1.2907115e+01
   2.3466109e+01
   3.0534998e+01
   1.4362625e+01
   2.9141390e+01
   1.2117410e+02
   6.9392899e+01
   7.0040751e+01
   2.0639848e+01
   1.3723405e+01
   2.4510383e+01
   3.1442816e+01
   1.4629162e+01
   3.3723346e+01
   2.0105987e+01
   8.3275324e+00
   1.3290196e+01
   1.0808462e+01
   7.8543569e+00
   1.0475510e+01
   1.5390909e+01
   1.5038632e+01
   1.4172016e+01
   7.8387982e+02
   9.6972340e+02
   6.2428289e+02
   2.2944315e+01
   8.9794854e+00
   1.0879780e+01
   3.9564024e+01
   3.1203059e+01
   2.7789179e+01
   1.3704962e+01
   5.3997674e+00
   1.0235558e+01
   1.2228557e+01
   6.0328949e+00
   1.2379239e+01
   6.5536980e+00
   5.9217967e+00
   1.1927292e+01
   1.8870810e+01
   8.1570935e+00
   3.0057251e+01
   1.6786872e+02
   8.7102303e+01
   1.0926770e+02
   1.2787041e+01
   7.8882602e+00
   1.1763760e+01
   1.1979580e+01
   6.2756532e+00
   1.2383752e+01
   2.1445249e+01
   1.0384474e+01
   1.1562851e+01
   1.2271035e+01
   5.3347467e+00
   1.0800025e+01
   1.7313375e+01
   1.8606725e+01
   8.1106235e+00
   1.3595679e+01
   8.6727561e+00
   1.4009072e+01
   3.7625666e+01
   3.0293672e+01
   5.7266365e+01
   1.8625953e+01
   6.3055050e+00
   1.3260864e+01
   1.5649108e+01
   5.8594541e+00
   6.3679359e+00
   1.7068517e+01
   8.4795286e+00
   1.8194313e+01
   2.9301881e+02
   1.9469711e+02
   1.8673531e+02
   4.3106121e+02
   4.0077872e+02
   2.4529905e+02
   1.1208808e+01
   7.2921850e+00
   1.2415634e+01
   2.1798507e+01
   3.8405561e+01
   1.6737626e+01
   2.5888099e+01
   7.1260919e+00
   1.1007801e+01
   2.6412346e+01
   1.9631380e+01
   2.7625941e+01
   2.5180897e+01
   2.6388998e+01
   3.0003296e+01
   1.8086010e+01
   8.8126369e+00
   1.5012733e+01
   1.0840344e+01
   6.6521904e+00
   1.3760683e+01
   7.5590170e+00
   4.3118187e+00
   1.2433979e+01
   3.6733643e+01
   3.1141747e+01
   4.0093764e+01
   2.7318299e+01
   1.2752411e+01
   2.4476735e+01
   2.6365454e+01
   1.5742205e+01
   2.2838072e+01
   2.4283772e+01
   1.5399247e+01
   2.9547622e+01
   3.2841427e+01
   2.5469409e+01
   3.1330687e+01
   4.6138490e+01
   3.5580085e+01
   3.7109660e+01
   1.7053312e+01
   4.7842095e+00
   1.6171687e+01
   1.7646522e+01
   2.3495735e+01
   1.6027872e+01
   1.7735303e+01
   1.2068556e+01
   3.8657384e+01
   6.2332544e+00
   2.8287135e+00
   4.7876626e+00
   2.7967623e+01
   8.0111697e+00
   2.9055847e+01
   1.2533550e+01
   5.3418785e+00
   1.4139545e+01
   2.1917110e+01
   1.3699174e+01
   1.5958025e+01
   3.8874577e+01
   2.0211543e+01
   3.0546672e+01
   1.1931707e+01
   1.7572653e+01
   1.2809800e+01
   1.9630202e+01
   1.3651792e+01
   1.7012011e+01
   1.2523446e+01
   1.7716173e+01
   2.1061383e+01
   1.5823432e+01
   7.5756842e+00
   1.5302030e+01
   1.4681646e+01
   7.5158628e+00
   1.0965814e+01
   2.3217719e+01
   1.3137748e+01
   1.8467423e+01
   8.8304224e+00
   9.3040885e+00
   1.6161779e+01
   1.7458465e+01
   8.6197233e+00
   1.2670890e+01
   1.6795407e+01
   2.4363724e+01
   1.3453042e+01
   1.4267075e+01
   7.1913186e+00
   1.2502354e+01
   6.9350716e+00
   4.2439335e+00
   1.0321984e+01
   2.1514115e+01
   2.5413688e+01
   2.1127895e+01
   9.3546100e+00
   2.4016548e+01
   5.2400605e+00
   1.7264325e+01
   1.5641653e+01
   2.8837084e+01
   7.9064578e+00
   6.7552641e+00
   1.3186210e+01
   1.6323742e+01
   1.9552801e+01
   1.9055238e+01
   1.2976864e+01
   6.0505726e+00
   1.2804699e+01
   9.8259903e+00
   5.5477708e+00
   8.8162568e+00
   6.6905377e+00
   7.7435039e+00
   1.2067477e+01
   1.0614616e+01
   5.5214113e+00
   1.0167476e+01
   7.2896246e+01
   3.7453108e+01
   1.2531784e+02
   5.8504486e+01
   2.1475758e+01
   5.4444421e+01
   4.8959257e+01
   2.5650109e+01
   5.1291683e+01
   1.7900307e+01
   6.3193567e+00
   2.1409933e+01
   3.5704868e+02
   2.6975440e+02
   4.0449377e+02
   3.9616704e+01
   5.6876810e+01
   4.3755052e+01
   1.6656301e+02
   1.2342844e+02
   1.1314854e+02
   6.0602648e+01
   7.5424970e+01
   9.5088036e+01
   1.2350790e+02
   5.3503544e+01
   9.3904950e+01
   1.8034017e+01
   1.6834843e+01
   1.6499733e+01
   1.6670722e+01
   1.3901751e+01
   2.2224947e+01
   4.9330566e+01
   2.2004811e+01
   3.2322773e+01
   1.1095797e+01
   8.6497909e+00
   1.0098610e+01
   2.1601620e+01
   2.0265400e+01
   1.8177341e+01
   1.1801234e+01
   6.6103312e+00
   1.2425836e+01
   1.7196047e+01
   4.4481777e+00
   1.4521252e+01
   3.9141998e+01
   2.6433143e+01
   5.0357575e+01
   2.0530760e+01
   1.6727325e+01
   3.2334545e+01
   1.1899236e+01
   5.6753008e+00
   8.4541795e+00
   1.5263085e+01
   1.9204252e+01
   4.8511823e+01
   1.7178487e+01
   1.0059566e+01
   1.5293594e+01
   8.8007864e+00
   7.8022069e+00
   1.0391733e+01
   2.1738862e+02
   1.2078170e+02
   2.3355550e+02
   3.9188203e+01
   1.3109397e+01
   4.6702271e+01
   1.2089746e+02
   9.2470041e+01
   1.7138659e+02
   9.2739227e+00
   9.1841122e+00
   1.4226266e+01
   1.8694132e+01
   1.3313641e+01
   1.4473576e+01
   1.3534563e+01
   9.6701290e+00
   1.6718594e+01
   8.6704017e+00
   1.1499380e+01
   1.3492085e+01
   5.6438205e+01
   2.7821552e+01
   5.3366400e+01
   4.5339073e+01
   2.4264741e+01
   3.9801819e+01
   5.7484736e+01
   5.4395469e+01
   6.0099395e+01
   2.2567611e+01
   1.4974671e+01
   1.9254479e+01
   2.3629543e+01
   1.7403234e+01
   2.6370261e+01
   2.2419676e+01
   2.5026781e+01
   2.8560049e+01
   1.3454219e+01
   1.1093835e+01
   1.2785765e+01
   2.4496453e+01
   1.7046248e+01
   1.8632918e+01
   1.6652769e+01
   1.4006031e+01
   1.4366843e+01
   1.1937298e+01
   1.1837923e+01
   1.6508660e+01
   2.5941368e+01
   1.7620722e+01
   1.9447050e+01
   1.8367950e+01
   5.7078798e+00
   1.3188466e+01
   2.2800108e+01
   7.1165664e+00
   1.9088200e+01
   1.4309455e+01
   1.3288626e+01
   1.7044483e+01
   1.5894751e+01
   1.5901225e+01
   1.9677487e+01
   8.4653433e+00
   8.5439704e+00
   1.2323322e+01
   2.2055921e+01
   1.4393036e+01
   2.1397866e+01
   2.3859686e+01
   1.9116649e+01
   1.8538251e+01
   1.7297188e+01
   1.0431562e+01
   1.9655316e+01
   2.0052425e+01
   1.4668599e+01
   2.7203424e+01
   9.5537236e+01
   2.4952618e+01
   8.9386464e+01
   9.4608229e+01
   6.2012836e+01
   1.1879027e+02
   3.2715075e+01
   2.0213995e+01
   1.8541783e+01
   1.7088824e+01
   9.1959725e+00
   2.1749653e+01
   5.1113337e+01
   2.7736303e+01
   4.1338751e+01
   2.9340140e+01
   1.8729644e+01
   2.5132435e+01
   2.1028225e+01
   1.0157568e+01
   1.9430471e+01
   2.5386808e+01
   1.3203475e+01
   2.6141099e+01
   3.5925986e+01
   3.0832928e+01
   5.8026935e+01
   6.3851524e+01
   4.1294508e+01
   7.1560909e+01
   2.3931593e+01
   1.5824903e+01
   2.5677969e+01
   1.3461773e+01
   8.1845124e+00
   1.3160115e+01
   3.4845905e+01
   2.4391486e+01
   3.9177412e+01
   2.8490693e+02
   2.4866290e+02
   1.6416839e+02
   1.1941419e+01
   3.3019479e+00
   9.4059555e+00
   1.3676808e+01
   3.5880271e+00
   1.0962969e+01
   4.2652899e+01
   1.3788151e+01
   3.2311687e+01
   9.0464975e+02
   4.0729060e+02
   4.9173017e+02
   1.9419778e+01
   1.0267833e+01
   2.5193159e+01
   2.5087113e+01
   1.3492282e+01
   1.1407755e+01
   6.8677652e+00
   4.3736904e+00
   1.0883312e+01
   1.1222149e+01
   6.6303337e+00
   1.0309231e+01
   2.1688046e+01
   2.0461698e+01
   3.7759965e+01
   2.3959650e+01
   1.9661202e+01
   3.3228726e+01
   2.8849837e+01
   1.6678275e+01
   2.9121181e+01
   2.3003861e+01
   1.8423965e+01
   2.8848071e+01
   1.8625364e+01
   7.0881174e+00
   1.2307920e+01
   2.1711786e+01
   2.0128550e+01
   2.7886495e+01
   1.5863751e+01
   6.9774214e+00
   1.6227996e+01
   2.7510673e+01
   1.0986121e+01
   1.6880459e+01
   1.3960807e+01
   1.2918789e+01
   1.6971594e+01
   2.0916882e+01
   1.0134711e+01
   1.8367753e+01
   2.0194866e+01
   9.0186469e+00
   1.8513628e+01
   1.5704927e+01
   1.6141963e+01
   1.3010905e+01
   3.1483527e+01
   2.7369311e+01
   2.0952787e+01
   3.9382637e+01
   3.5513573e+01
   2.3497010e+01
   1.8364026e+01
   1.9457939e+01
   1.8207066e+01
   3.3372443e+01
   1.8850307e+01
   2.0157784e+01
   1.4681548e+01
   1.0514358e+01
   2.3812107e+01
   9.1387998e+01
   3.7473219e+01
   1.4059594e+02
   3.2576950e+01
   8.0649285e+00
   2.4268174e+01
   2.0212720e+01
   1.3425083e+01
   1.5159393e+01
   1.3826214e+01
   1.2173818e+01
   1.4930133e+01
   9.7240055e+00
   7.0122272e+00
   1.1621318e+01
   8.5811209e+00
   5.4090967e+00
   1.4498788e+01
   4.6250618e+01
   1.9207882e+01
   3.0526366e+01
   1.5920158e+01
   1.0159825e+01
   2.5349629e+01
   3.4624199e+01
   2.0279232e+01
   2.4269351e+01
   1.8568662e+02
   6.2728868e+01
   3.6507915e+01
   1.2492545e+01
   6.1814870e+00
   1.4541559e+01
   2.9104995e+02
   7.7149175e+01
   2.6680159e+02
   7.1884835e+01
   3.7410337e+01
   1.0470998e+02
   4.9200583e+01
   1.9046900e+01
   5.9202859e+01
   2.0751976e+01
   8.0195475e+00
   2.1503324e+01
   8.3013495e+00
   4.8397341e+00
   1.1129837e+01
   4.7612835e+01
   2.2359639e+01
   5.1634543e+01
   2.4752298e+01
   6.4239019e+00
   2.3523399e+01
   2.7620153e+01
   1.4487800e+01
   2.1661657e+01
   1.0611575e+02
   5.2319967e+01
   9.8891667e+01
   3.6995570e+01
   2.1236786e+01
   3.5430581e+01
   5.5976645e+01
   2.5674241e+01
   5.8851073e+01
   1.3923039e+01
   6.9489527e+00
   1.1576879e+01
   2.6791601e+00
   1.7330542e+00
   2.6421567e+00
   1.2096417e+01
   1.9520134e+01
   2.0483574e+01
   2.2768127e+01
   9.5303856e+00
   2.0095098e+01
   1.7795144e+01
   1.3008452e+01
   1.4719807e+01
   8.1923310e+00
   5.5672339e+00
   1.4922776e+01
   1.2010481e+01
   9.1710747e+00
   8.1964218e+00
   2.1922701e+01
   1.3329730e+01
   2.1489394e+01
   2.1491257e+01
   1.1010450e+01
   1.7986929e+01
   2.2204248e+01
   1.0476001e+01
   2.4137603e+01
   1.2991677e+01
   6.2441140e+00
   7.7203032e+00
   1.7741974e+01
   6.0586168e+00
   1.8171357e+01
   3.9067540e+01
   2.3792978e+01
   4.7188356e+01
   1.8440151e+01
   7.4641641e+00
   2.2607047e+01
   2.5606454e+01
   1.2525898e+01
   1.3124014e+01
   9.2740895e+00
   4.9487428e+00
   8.2157180e+00
   9.9888363e+00
   5.4054081e+00
   1.0809050e+01
   2.8800296e+01
   7.0841836e+00
   2.8330986e+01
   3.7478026e+01
   1.1369986e+01
   2.6538404e+01
   8.4959407e+00
   5.1240671e+00
   1.0294712e+01
   1.8451237e+01
   1.5953414e+01
   1.5435250e+01
   2.0114718e+01
   1.2890144e+01
   1.5885333e+01
   1.1757579e+01
   8.6531656e+00
   1.7437962e+01
   1.8652734e+01
   1.7801815e+01
   2.4745136e+01
   1.4565986e+01
   1.2227674e+01
   2.2591547e+01
   1.4056258e+01
   7.0573042e+00
   1.0807383e+01
   4.2360757e+01
   5.3540822e+00
   9.2999683e+00
   3.2753824e+01
   5.5768967e+00
   9.6518824e+00
   3.5251745e+01
   5.5097374e+00
   8.6275320e+00
   2.1510191e+01
   1.0431856e+01
   2.4778098e+01
   1.2108875e+01
   4.9436023e+00
   1.2696200e+01
   1.2699830e+01
   1.3954725e+01
   1.2467823e+01
   2.5289101e+01
   1.3130979e+01
   3.2722334e+01
   2.8653735e+01
   1.2858654e+01
   3.1730249e+01
   2.7745525e+01
   2.4836173e+01
   2.5044930e+01
   7.6123932e+01
   2.1961549e+01
   4.8320038e+01
   1.9821399e+01
   1.7592469e+01
   2.4224814e+01
   2.6256367e+01
   1.5810483e+01
   3.4674230e+01
   4.7418205e+01
   2.0108146e+01
   5.1698111e+01
   2.7970174e+01
   1.1473384e+01
   3.1553571e+01
   1.6457746e+01
   6.3050047e+00
   1.5137026e+01
   1.8759172e+01
   2.3972305e+01
   2.8613416e+01
   8.1323625e+01
   2.2746741e+01
   4.8822212e+01
   2.2183745e+01
   1.7787296e+01
   2.2185413e+01
   2.1584452e+01
   1.3934713e+01
   2.0973976e+01
   1.2731418e+02
   4.5528112e+01
   6.7367428e+01
   1.3311680e+01
   1.1300433e+01
   1.3236339e+01
   2.4099540e+01
   8.0450535e+00
   2.0683012e+01
   2.4460941e+01
   1.2762418e+01
   2.1472226e+01
   1.4861659e+01
   5.9133208e+00
   1.2851394e+01
   5.4800033e+01
   2.5788430e+01
   3.7375708e+01
   3.1809514e+01
   1.8078849e+01
   4.2269426e+01
   4.2897953e+01
   1.7860577e+01
   2.9005423e+01
   3.5046519e+01
   1.0182584e+01
   2.9672503e+01
   1.0875955e+01
   2.9175430e+00
   1.0397227e+01
   4.5745600e+01
   2.0412648e+01
   4.6011058e+01
   1.3172476e+02
   8.2712819e+01
   1.2312825e+02
   4.2586878e+01
   2.9171114e+01
   5.8736590e+01
   8.4932429e+00
   5.6922035e+00
   1.1702938e+01
   4.6201961e+01
   1.4451601e+01
   5.7075855e+01
   2.4998725e+01
   1.3338166e+01
   2.0740204e+01
   7.2307254e+00
   5.4625317e+00
   1.1424039e+01
   2.3992023e+01
   1.7368311e+01
   2.2183549e+01
   1.5480474e+01
   1.3105571e+01
   2.1982444e+01
   2.2172366e+01
   1.1276791e+01
   2.8628817e+01
   4.0673437e+01
   2.0060959e+01
   4.5975938e+01
   5.7158259e+01
   1.6263803e+01
   5.6715926e+01
   3.6975754e+01
   2.3966222e+01
   2.3621008e+01
   1.6920092e+01
   6.6517294e+00
   9.3433481e+00
   3.0379706e+01
   1.6303141e+01
   3.0844798e+01
   2.8261237e+01
   1.2454089e+01
   2.0047814e+01
   2.3119227e+01
   1.0996618e+01
   1.8057267e+01
   1.3022971e+01
   4.5857826e+00
   1.4730107e+00
   4.1620985e+01
   2.7333112e+01
   3.8708494e+01
   1.5850311e+02
   7.1686084e+01
   1.1715200e+02
   1.1953779e+01
   1.8576707e+01
   1.1951033e+01
   1.5850311e+02
   7.1686084e+01
   1.1715200e+02
   1.1953779e+01
   1.8576707e+01
   1.1951033e+01
   6.4323974e+01
   1.3770493e+01
   4.0675595e+01
   8.1805590e+01
   3.6261978e+01
   7.9860757e+01
   4.1059461e+01
   2.7603182e+01
   3.5092528e+01
   1.1269630e+01
   5.3349331e+00
   1.2165283e+01
   1.0196514e+01
   4.0718171e+00
   1.0626486e+01
   1.1935729e+01
   6.5865027e+00
   1.2233757e+01
   4.1872906e+01
   2.0184958e+01
   1.0867812e+02
   3.9919539e+01
   9.2054293e+00
   3.2261068e+01
   1.2981769e+01
   4.8328180e+00
   8.4139683e+00
   1.0573709e+01
   5.2981161e+00
   1.1859309e+01
   2.6623555e+01
   3.8390650e+00
   1.9464217e+01
   1.1582373e+01
   2.3726270e+00
   8.4165484e+00
   2.2662571e+01
   1.1893742e+01
   1.6355036e+01
   1.5904266e+01
   4.3467914e+00
   1.5090821e+01
   1.3818562e+01
   4.8635135e+00
   9.1766370e+00
   1.3734000e+01
   7.2620291e+00
   1.5224041e+01
   1.1158777e+01
   3.3686167e+00
   9.8331516e+00
   1.5260927e+01
   3.8729291e+00
   1.1800155e+01
   1.8781441e+01
   4.1712414e+00
   6.7448164e+00
   4.3538546e+01
   1.6444012e+01
   2.5699355e+01
   6.8731999e+00
   4.8383312e+00
   1.1228428e+01
   1.6345324e+01
   8.1488040e+00
   1.3653460e+01
   1.4324366e+01
   4.0106713e+00
   1.4396960e+01
   5.6100938e+01
   1.7792103e+01
   3.8704472e+01
   2.7372549e+01
   8.8101746e+00
   1.4068717e+01
   1.0703593e+01
   4.3153994e+00
   1.5370700e+01
   1.9453819e+01
   1.7675952e+01
   2.8011572e+01
   1.6054163e+01
   6.4415795e+00
   1.0433818e+01
   1.6603915e+01
   8.1877007e+00
   9.1061816e+00
   3.4913986e+01
   1.4199485e+01
   2.7692355e+01
   1.0175717e+02
   2.8393573e+01
   1.0407919e+02
   9.8835750e+00
   8.5724489e+00
   1.4428842e+01
   2.7264246e+01
   8.1477446e+00
   2.1007428e+01
   6.9061027e+01
   2.7777604e+01
   5.7788552e+01
   2.1767017e+01
   2.0214584e+01
   3.1517274e+01
   1.7075580e+01
   1.2443298e+01
   1.9637658e+01
   2.5547300e+01
   8.5269207e+00
   1.9430961e+01
   1.6303337e+01
   1.8269457e+01
   8.7336370e+00
   1.8737492e+01
   4.5461600e+00
   4.3150462e+00
   3.0967619e+01
   2.5780876e+01
   3.1121440e+01
   4.5726568e+01
   5.6013236e+01
   7.3358984e+01
   8.2816903e+01
   4.1656988e+01
   8.4331861e+01
   9.7661787e+01
   4.6882480e+01
   1.0275975e+02
   4.7045032e+01
   3.8152267e+01
   2.4872078e+01
   1.0498368e+01
   1.4167406e+01
   1.3189054e+01
   1.3062211e+01
   6.7288360e+00
   9.9097677e+00
   1.1167410e+01
   6.3932947e+00
   9.8192214e+00
   7.6911381e+00
   4.0661567e+00
   1.1384701e+01
   2.3951409e+01
   1.3770297e+01
   2.0967109e+01
   2.1407872e+01
   1.0381629e+01
   1.4827423e+01
   3.7860910e+01
   1.5743382e+01
   3.6379600e+01
   2.0133161e+01
   6.2220121e+00
   9.4493550e+00
   4.1055733e+01
   1.6512584e+01
   5.3887605e+01
   8.5387810e+01
   2.8831001e+01
   5.1691244e+01
   7.4652236e+01
   5.1045158e+01
   5.9223461e+01
   2.3015731e+01
   1.3512000e+01
   4.7667771e-01
   8.5533096e+00
   3.7612030e+00
   1.1594733e+01
   4.2290125e+01
   2.4129559e+01
   2.3220564e+01
   8.7543067e+01
   6.2038538e+01
   1.4173194e+02
   1.6659636e+01
   1.1638780e+01
   1.9100364e+01
   2.2452736e+01
   6.2558272e+00
   1.6743119e+01
   1.7281983e+01
   1.0471292e+01
   1.2926441e+01
   9.9863838e+00
   6.5983630e+00
   1.3312464e+01
   1.1632796e+02
   7.4860699e+01
   1.1088930e+02
   1.8178715e+01
   6.5520401e+00
   8.9995665e+00
   6.4326524e+01
   1.3160605e+01
   1.0542317e+01
   6.4994389e+00
   4.3234926e+00
   1.5252294e+01
   3.3404914e+01
   2.8126349e+01
   4.0183231e+01
   5.2024686e+00
   2.8931260e+00
   1.2891223e+01
   1.5205009e+01
   1.1179084e+01
   1.0290003e+01
   1.3368774e+01
   3.8742044e+00
   8.9904432e+00
   1.1707646e+01
   1.3115578e+01
   1.6593517e+01
   3.7080132e+01
   1.8065115e+01
   4.7140680e+01
   2.8187269e+01
   1.6518667e+01
   3.4121436e+01
   1.5460266e+01
   1.1186637e+01
   1.0172479e+01
   2.2064946e+01
   6.1013295e+00
   1.2466352e+01
   5.3297043e+01
   4.9657239e+01
   4.5980255e+01
   9.9932508e+00
   1.4378223e+01
   8.2798852e+00
   2.0763159e+01
   8.0440627e+00
   2.6580489e+01
   1.5864732e+01
   1.3416156e+01
   2.6509072e+01
   2.4896505e+01
   1.2423776e+01
   1.9040818e+01
   1.9213081e+01
   1.3522202e+01
   2.1060795e+01
   1.4614644e+01
   6.8323805e+00
   1.1136901e+01
   1.5864732e+01
   1.3416156e+01
   2.6509072e+01
   1.1441305e+01
   1.0565468e+01
   1.5729354e+01
   8.0927987e+00
   1.0098414e+01
   2.7916709e+01
   8.5075950e+01
   5.5629469e+01
   6.8194509e+01
   1.0325319e+01
   1.9931958e+01
   1.3076534e+01
   4.9907002e+01
   3.5811209e+01
   6.0125392e+01
   2.3341914e+01
   1.5367267e+01
   1.5230810e+01
   3.6027127e+01
   4.6212948e+01
   7.8037569e+01
   3.4569165e+01
   1.1687536e+01
   3.3322117e+01
   3.6797114e+01
   3.9970845e+01
   3.5886746e+01
   3.9504379e+01
   1.6584197e+01
   5.2445633e+01
   2.5823353e+01
   3.3646828e+01
   7.8888096e+01
   2.8012847e+01
   8.1720930e+00
   1.9121260e+01
   1.8680104e+01
   2.2089079e+01
   2.1504893e+01
   2.7225399e+01
   1.0019836e+01
   2.9508284e+01
   1.8680104e+01
   2.2089079e+01
   2.1504893e+01
   2.7225399e+01
   1.0019836e+01
   2.9508284e+01
   1.4370571e+01
   1.3505329e+01
   1.7686743e+01
   9.5694784e+00
   1.0020032e+01
   1.9660417e+01
   1.1122382e+01
   4.3996378e+00
   1.3498854e+01
   2.9202702e+01
   2.8234848e+01
   4.2713230e+01
   3.8645710e+01
   1.0354455e+01
   3.1355899e+01
   2.2097712e+01
   1.1685868e+01
   1.1145043e+01
   2.5465681e+01
   1.7018878e+01
   2.1289171e+01
   1.0166495e+02
   4.8012789e+01
   4.0242876e+01
   1.6200234e+01
   2.3780519e+01
   2.7595039e+01
   1.7634358e+01
   1.9509539e+01
   2.6165134e+01
   1.7569612e+01
   2.3383018e+01
   3.4852576e+01
   3.6169666e+01
   1.1800253e+01
   2.1511957e+01
   1.8679123e+01
   1.7485638e+01
   2.2081329e+01
   2.4022336e+01
   9.5330245e+00
   3.1702879e+01
   1.6435380e+01
   1.1754734e+01
   1.8161744e+01
   1.2109366e+01
   6.2405923e+00
   1.2318711e+01
   2.6116771e+01
   1.2466744e+01
   8.1732505e+00
   9.4404671e+00
   8.4773213e+00
   1.2939096e+01
   9.7804915e+00
   5.1672311e+00
   1.4354875e+01
   1.9475793e+01
   1.0423714e+01
   1.7980749e+01
   2.7690000e+01
   1.7681348e+01
   4.1571445e+01
   4.7538181e+01
   4.5411569e+01
   2.4867467e+01
   1.2194615e+01
   9.6823915e+00
   1.3407621e+01
   9.5339074e+00
   1.4847827e+01
   9.8075769e+00
   9.5339074e+00
   1.4847827e+01
   9.8075769e+00
   1.7339273e+01
   1.0103613e+01
   2.3515355e+01
   9.0174893e+00
   1.7925519e+01
   1.2472630e+01
   6.6346403e+01
   2.4246886e+01
   5.8607000e+01
   3.7212175e+01
   1.8359513e+01
   2.2649524e+01
   1.0379372e+01
   6.9967961e+00
   1.5075714e+01
   1.8278090e+01
   8.8383980e+00
   2.0421673e+01
   9.4650215e+00
   8.6493102e+00
   1.4395096e+01
   9.3317821e+00
   8.7042462e+00
   1.5108381e+01
   1.8299672e+01
   9.0262104e+00
   1.7395092e+01
   6.4058711e+01
   2.8855919e+01
   5.8259530e+01
   1.1406283e+02
   3.0183212e+01
   7.0023878e+01
   4.8875284e+01
   4.5222334e+01
   5.3154700e+01
   4.2249414e+01
   1.9379164e+01
   2.7322322e+01
   9.3500680e+00
   4.8057620e+00
   9.9085905e+00
   1.2819119e+01
   1.0032295e+01
   1.6519353e+01
   1.2094847e+01
   6.2743288e+00
   8.6150341e+00
   1.0464327e+01
   2.8450962e+00
   6.0783545e+00
   1.7294834e+01
   8.7002634e+00
   1.1472501e+01
   2.6652397e+01
   1.3758623e+01
   4.6156050e+01
   2.6652397e+01
   1.3758623e+01
   4.6156050e+01
   1.0606572e+01
   4.8220761e+00
   9.9265428e+00
   5.5701867e+01
   5.2165165e+01
   9.8211834e+01
   1.1864508e+02
   3.2951692e+01
   7.3591481e+01
   3.2483755e+01
   1.7503689e+01
   3.0178209e+01
   2.5964323e+01
   1.5439468e+01
   2.3853015e+01
   7.7317809e+00
   4.4161677e+00
   1.1234118e+01
   2.4518035e+01
   1.6419782e+01
   3.4851496e+01
   9.3600840e+00
   6.9238391e+00
   1.5145855e+01
   1.0728510e+01
   1.1932099e+01
   1.2126239e+01
   1.0868989e+01
   5.5617795e+00
   1.3526518e+01
   1.2303408e+01
   7.1069035e+00
   1.3946877e+01
   8.9146315e+00
   9.8492400e+00
   1.0655720e+01
   3.1700426e+02
   3.0324868e+02
   2.3597464e+02
   1.2898777e+01
   5.5953689e+00
   8.6577174e+00
   2.3144341e+01
   9.5714404e+00
   2.0424910e+01
   1.8021362e+01
   8.4227483e+00
   1.4746098e+01
   1.0185232e+01
   4.6799684e+00
   1.2273880e+01
   1.2051094e+01
   7.3408524e+00
   9.9356661e+00
   1.3124995e+01
   6.9056808e+00
   1.9379753e+01
   5.0763709e+01
   2.1172923e+01
   3.2201129e+01
   1.1970554e+01
   6.3092328e+00
   1.2083369e+01
   1.3748224e+01
   1.1506443e+01
   1.8195097e+01
   4.9607110e+01
   4.1436851e+01
   6.1650062e+01
   2.4012722e+01
   2.2506102e+01
   2.5832967e+01
   4.5974467e+01
   6.6403694e+01
   4.0645773e+01
   2.1471049e+02
   1.0603531e+02
   1.3941089e+02
   2.3390473e+01
   8.2079387e+00
   9.0856590e+00
   5.0039731e+02
   2.4733953e+02
   1.9870449e+02
   1.4254322e+01
   1.4602479e+01
   1.2621644e+01
   5.4781296e+01
   3.2537612e+01
   4.7401528e+01
   7.3147971e+00
   2.9834368e+00
   1.0876837e+01
   1.1050671e+01
   2.6323860e+00
   3.4932037e+00
   1.7733243e+01
   4.5917471e+00
   9.6038428e+00
   1.4395586e+01
   5.1765114e+00
   1.1193700e+01
   1.6946579e+01
   6.1049200e+00
   1.5325869e+01
   2.9830150e+01
   3.0155548e+01
   3.2429800e+01
   2.2284396e+01
   9.4746353e+00
   2.4354698e+01
   1.6691715e+01
   6.7464057e+00
   7.6503089e+00
   1.5219724e+01
   3.1600659e+00
   5.2861577e+00
   1.4339375e+01
   1.5213348e+01
   1.2694729e+01
   1.9315988e+01
   1.4437671e+01
   1.8038432e+01
   1.2936251e+01
   9.0599961e+00
   1.2539338e+01
   7.1267394e+00
   9.7633633e+00
   1.4072347e+01
   1.2824319e+01
   7.1820481e+00
   7.8571233e+00
   8.4317342e+00
   5.7135108e+00
   1.2908979e+01
   1.9296662e+01
   2.6074588e+01
   1.5054524e+01
   5.6585159e+01
   4.3523733e+01
   5.5203519e+01
   9.7592234e+01
   3.6673508e+01
   5.3073277e+01
   1.8615750e+01
   1.0615892e+01
   1.6652769e+01
   3.0037141e+01
   2.0889022e+01
   2.1187147e+01
   1.6230547e+01
   9.3501268e+00
   1.6473050e+01
   9.8091661e+00
   6.9544856e+00
   1.0825335e+01
   4.1716534e+01
   3.0623190e+01
   4.9651255e+01
   8.9009858e+01
   3.2528194e+01
   6.1255406e+01
   1.5506275e+01
   1.3044161e+01
   9.9174195e+00
   3.0071574e+01
   1.0350433e+01
   2.3107749e+01
   1.8447411e+01
   8.5179347e+00
   1.8695211e+01
   9.9023121e+00
   5.1383897e+00
   1.5308014e+01
   9.3275344e+00
   6.0869186e+00
   1.1343107e+01
   2.3265690e+01
   8.4597124e+00
   2.1234039e+01
   2.4550212e+01
   2.3027994e+01
   3.5692900e+01
   9.1354546e+00
   2.1509896e+01
   7.6336024e+00
   1.3942953e+01
   7.3812598e+00
   8.0632118e+00
   1.5179111e+01
   6.7419912e+00
   1.5352454e+01
   1.2958029e+01
   4.8922274e+00
   4.7369155e+00
   1.2105148e+01
   6.4997332e+00
   8.2064966e+00
   3.3392161e+01
   1.2336958e+01
   2.3646122e+01
   1.7302289e+01
   1.1875986e+01
   1.0502194e+01
   2.5292436e+01
   1.7488385e+01
   1.5216585e+01
   9.6066485e+00
   8.7875135e+00
   1.2585543e+01
   2.1218932e+01
   1.7973293e+01
   9.0419162e+00
   1.4300037e+01
   8.8624717e+00
   1.0674261e+01
   1.4188105e+01
   1.2259459e+01
   1.3103806e+01
   3.6254228e+01
   4.7940293e+01
   4.7215628e+01
   2.0064785e+01
   1.2360011e+01
   1.4968392e+01
   1.1515076e+01
   9.1415858e+00
   1.9138035e+01
   2.8591441e+01
   1.3274794e+01
   2.6372125e+01
   6.2913786e+00
   5.7356225e+00
   1.1699406e+01
   1.7563530e+01
   1.3089189e+01
   1.4029281e+01
   1.9284989e+01
   1.3888507e+01
   3.9821341e+01
   1.9472065e+01
   8.1267119e+00
   1.4322502e+01
   1.5473607e+01
   1.0353866e+01
   7.6374578e+00
   1.3846030e+01
   3.2884003e+00
   9.5830555e+00
   1.6644235e+01
   8.8088503e+00
   1.8261904e+01
   2.9537518e+01
   1.6317758e+01
   1.8177047e+01
   1.0891651e+02
   7.5314705e+01
   7.0298362e+01
   2.7974981e+01
   8.0255119e+00
   9.4778824e+00
   2.4954384e+01
   1.1524494e+01
   1.3395653e+01
   1.7225673e+01
   9.1459807e+00
   1.9226521e+01
   1.3118422e+01
   1.9368177e+01
   9.5395677e+00
   2.1458884e+01
   1.1823208e+01
   1.1520275e+01
   2.1458884e+01
   1.1823208e+01
   1.1520275e+01
   8.4995606e+00
   6.1860192e+00
   1.2000475e+01
   1.1575506e+01
   8.1774002e+00
   9.9298782e+00
   4.2436981e+01
   3.4884066e+01
   6.6003152e+01
   4.2296796e+01
   1.9133718e+01
   5.3405934e+01
   1.1597774e+01
   1.0973368e+01
   1.9713980e+01
   9.4870646e+01
   3.5749504e+01
   1.1411875e+02
   4.8747165e+01
   3.5582341e+01
   5.5734926e+01
   1.2801363e+01
   7.4128284e+00
   8.8746263e+00
   1.9149709e+01
   1.6671703e+01
   9.9120240e+00
   3.4101326e+01
   4.3515394e+01
   4.9327917e+01
   1.4040366e+02
   8.1971968e+01
   1.5165377e+02
   1.7098045e+01
   3.6426001e+01
   1.3629916e+01
   1.0063588e+02
   1.1034680e+02
   2.2927147e+02
   5.7490720e+01
   2.0113541e+01
   5.1248127e+01
   7.3745792e+00
   6.3090661e+00
   1.1994196e+01
   7.0026429e+01
   6.0504941e+01
   1.0816506e+02
   1.4083923e+01
   7.9732246e+00
   1.3910188e+01
   2.3011709e+01
   1.2139286e+01
   3.1901041e+01
   9.7387205e+00
   1.3038667e+01
   1.6614314e+01
   2.4699912e+01
   1.4061948e+01
   2.3743045e+01
   1.3562914e+01
   1.3514256e+01
   3.1954996e+01
   1.3442937e+01
   6.3113322e+00
   1.5785565e+01
   1.3088502e+01
   1.0734494e+01
   2.4796443e+01
   1.9955306e+01
   1.6047590e+01
   3.2651996e+01
   1.2566218e+01
   4.8206634e+00
   9.4267625e+00
   3.1816282e+01
   3.9060771e+01
   2.5198358e+01
   1.5957927e+01
   1.2216393e+01
   1.4757772e+01
   1.6623732e+01
   1.2077680e+01
   1.8245717e+01
   1.2449479e+01
   9.1862998e+00
   1.6713493e+01
   1.8256999e+01
   1.6071331e+01
   2.0496229e+01
   2.2689745e+01
   1.2986870e+01
   1.6395257e+01
   1.8256999e+01
   1.6071331e+01
   2.0496229e+01
   2.2689745e+01
   1.2986870e+01
   1.6395257e+01
   1.5295948e+01
   1.1933276e+01
   2.7418067e+01
   3.5383395e+01
   2.5594486e+01
   4.2132380e+01
   3.1416329e+01
   1.2259753e+01
   2.4409046e+01
   1.3645219e+01
   7.0702436e+00
   7.6462868e+00
   7.9772467e+01
   5.4198484e+01
   1.3437640e+02
   1.5872972e+01
   7.1328608e+00
   8.1246911e+00
   2.1370300e+01
   8.6680669e+00
   1.7562451e+01
   8.7947533e+00
   5.2522544e+00
   1.1127189e+01
   2.5307544e+01
   2.8872203e+01
   5.3928709e+01
   1.9228287e+01
   1.2185590e+01
   1.7220278e+01
   1.4037423e+01
   7.7671460e+00
   1.5884058e+01
   2.8722307e+01
   1.3648849e+01
   2.9176706e+01
   3.8425280e+01
   2.5140479e+01
   3.4977457e+01
   9.0580243e+00
   6.2871799e+00
   1.2148017e+01
   4.8691346e+01
   2.9647193e+01
   3.4008229e+01
   3.8238988e+01
   2.5749484e+01
   2.5720447e+01
   2.3658581e+01
   2.5530231e+01
   1.8071884e+01
   5.3382390e+01
   5.3817071e+01
   6.6493848e+01
   6.5370308e+00
   6.6504933e+00
   1.2038538e+01
   1.7206642e+01
   1.5434956e+01
   3.8805613e+01
   3.1877399e+01
   2.4956149e+01
   2.8273205e+01
   2.5053367e+01
   1.5071495e+01
   1.7722059e+01
   1.0408802e+01
   7.6392236e+00
   6.9780492e+00
   1.2381888e+01
   1.4510069e+01
   1.6832194e+01
   2.7903172e+01
   1.4136995e+01
   2.4464374e+01
   9.1867216e+01
   4.5795140e+01
   3.5121370e+01
   1.1944754e+01
   4.3609570e+00
   9.3871694e+00
   2.9811413e+00
   3.9161520e+00
   2.8801670e+00
   3.1326567e+01
   1.9242119e+01
   4.1832587e+01
   1.3538094e+01
   6.5420634e+00
   6.2918593e+00
   8.8563110e+01
   3.9006914e+01
   9.1158248e+01
   1.5003316e+01
   1.0045048e+01
   2.0155136e+01
   1.9602931e+01
   3.0650854e+01
   2.2444888e+01
   2.1751026e+01
   8.1477053e+00
   1.8048536e+01
   3.0322710e+01
   2.2421540e+01
   3.7015288e+01
   4.9944476e+01
   3.5235166e+01
   7.3329750e+01
   1.9626965e+01
   1.1884913e+01
   2.2298817e+01
   9.3543745e+00
   5.8539507e+00
   1.1420606e+01
   4.5631509e+01
   4.0226395e+01
   4.7671793e+01
   4.5814270e+01
   4.7104285e+01
   5.6115260e+01
   6.8021657e+01
   3.2128829e+01
   5.5672731e+01
   6.9651785e+01
   6.7526743e+01
   7.6838591e+01
   1.3358375e+01
   4.2137482e+00
   1.3259098e+01
   1.7362229e+01
   8.2329248e+00
   1.6506600e+01
   3.2618642e+01
   2.9547131e+01
   3.2863206e+01
   1.6846517e+01
   1.5735240e+01
   1.4893640e+01
   1.0857512e+01
   6.0512691e+00
   9.3972344e+00
   8.5885765e+00
   8.5415179e+00
   1.5407880e+01
   3.2576067e+01
   2.2879274e+01
   4.1277145e+01
   1.0464033e+01
   4.5845269e+00
   6.3730861e+00
   8.5313940e+00
   6.2632337e+00
   1.1397650e+01
   1.1084025e+01
   9.0842954e+00
   1.5513926e+01
   1.1136606e+01
   8.8563601e+00
   8.5794336e+00
   1.0886353e+01
   1.3769610e+01
   1.1884030e+01
   2.8348742e+01
   1.8867475e+01
   2.6948659e+01
   1.3052892e+01
   9.0010183e+00
   7.6722538e+00
   2.9716942e+01
   1.0628350e+01
   2.1190973e+01
   1.4830071e+01
   1.0157764e+01
   8.5336111e+00
   1.4574619e+01
   7.8478823e+00
   1.2276823e+01
   1.1203707e+02
   6.3522791e+01
   2.2161379e+02
   1.2414555e+01
   1.1166036e+01
   1.6317954e+01
   1.7657902e+01
   1.1849695e+01
   1.7210566e+01
   2.4344496e+01
   2.3842028e+01
   3.5416356e+01
   5.3598701e+01
   1.7229597e+01
   2.9562925e+01
   1.1751497e+01
   7.1967730e+00
   1.0531918e+01
   2.3950624e+01
   1.8059033e+01
   1.3014731e+01
   1.3034155e+01
   3.8505623e+00
   3.7905546e+00
   9.1016591e+00
   8.1494809e+00
   1.4282281e+01
   6.3228687e+01
   2.4327132e+01
   4.0524227e+01
   7.6503187e+00
   4.7480204e+00
   1.5303796e+01
   1.1877556e+01
   1.0590582e+01
   1.2556211e+01
   1.8876402e+01
   1.2904761e+01
   9.4248202e+00
   2.6985544e+01
   1.1602778e+01
   2.5224649e+01
   1.1871571e+01
   4.9485956e+00
   1.6910380e+01
   1.3085559e+01
   3.2647680e+00
   1.7208996e+01
   2.8783227e+01
   1.6627950e+01
   2.4985089e+01
   8.7019016e+01
   5.8144949e+01
   9.4007660e+01
   1.4666539e+01
   7.7101499e+00
   1.5428089e+01
   2.1236197e+01
   1.4287971e+01
   1.8289764e+01
   1.4216260e+01
   6.8185190e+00
   9.8154936e+00
   6.1587867e+01
   4.3389139e+01
   6.3658071e+01
   2.1463789e+01
   1.0609025e+01
   2.4718061e+01
   2.4673818e+01
   1.8038530e+01
   2.4535399e+01
   1.8150364e+02
   8.8195432e+01
   1.5086112e+02
   1.0334443e+01
   3.8228295e+00
   5.0874464e+00
   3.6660460e+01
   1.4614251e+01
   2.2083193e+01
   5.6929196e+01
   3.0057742e+01
   5.2449655e+01
   9.6821953e+01
   5.1921387e+01
   1.6797467e+02
   1.2026275e+01
   6.2665790e+00
   1.2900444e+01
   2.9193481e+01
   4.4013840e+01
   7.6059971e+01
   7.1456236e+01
   4.3177342e+01
   5.6310087e+01
   8.0344685e+01
   5.2403745e+01
   1.2238367e+02
   1.8225018e+01
   8.1548372e+00
   1.7183490e+01
   2.8399459e+01
   1.6835333e+01
   3.5312076e+01
   1.0574199e+02
   2.7244234e+01
   7.8887115e+01
   1.9584880e+01
   1.4347027e+01
   9.6023615e+00
   1.4865780e+01
   1.1549019e+01
   1.4619156e+01
   1.3597249e+01
   1.0524757e+01
   1.6846124e+01
   1.7781704e+01
   9.4643250e+00
   1.5752800e+01
   3.4378753e+01
   3.1313520e+01
   5.4037110e+01
   1.5782034e+01
   3.0767594e+00
   5.8821839e+00
   1.2834815e+02
   1.0128825e+02
   9.5675360e+01
   1.8805770e+01
   5.5791922e+00
   9.1344147e+00
   9.2736677e+00
   5.6643823e+00
   1.7208702e+01
   5.1037996e+01
   3.8211912e+01
   6.1140335e+01
   5.2042344e+01
   3.2617367e+01
   1.0893514e+02
   1.1387056e+01
   7.6451979e+00
   9.3364026e+00
   2.8385235e+01
   1.0925005e+01
   2.1535991e+01
   5.3070334e+01
   2.6053006e+01
   5.8896395e+01
   9.2425307e+00
   7.2151373e+00
   1.1098445e+01
   1.1154362e+01
   7.4074133e+00
   9.9227169e+00
   1.5062176e+01
   6.2808917e+00
   1.3467658e+01
   1.3813853e+01
   1.6261645e+01
   1.7680759e+01
   1.5394146e+01
   3.0335561e+01
   1.8587301e+01
   1.6229370e+01
   6.6280088e+00
   1.2697279e+01
   7.6033386e+01
   3.2867032e+01
   5.7121570e+01
   2.0053798e+01
   9.9327231e+00
   1.7185550e+01
   2.6325331e+01
   1.7832029e+01
   2.4683235e+01
   1.3475506e+01
   1.4537831e+01
   1.6262233e+01
   2.1311734e+01
   3.4950970e+01
   3.4058849e+01
   2.6144925e+01
   1.6240553e+01
   3.5471881e+01
   1.5814014e+01
   7.6928941e+00
   1.6287151e+01
   2.5286845e+01
   3.5042007e+01
   1.8551397e+01
   1.1490943e+02
   9.7971293e+01
   6.9115963e+01
   1.7353890e+01
   7.7251788e+00
   1.3720756e+01
   8.6487118e+01
   5.2148881e+01
   5.1453254e+01
   2.6575879e+01
   9.4207098e+00
   1.4609248e+01
   1.2313904e+01
   2.2540633e+01
   1.0955317e+01
   3.5819743e+01
   1.5497446e+01
   3.4209628e+01
   4.1859761e+01
   5.0718681e+01
   1.6401535e+01
   1.5941054e+01
   9.5283451e+00
   1.8573763e+01
   1.0914115e+01
   5.2228930e+00
   9.6720027e+00
   4.8795038e+01
   3.2292852e+01
   4.0697275e+01
   1.0784918e+02
   1.3956589e+02
   1.1996158e+02
   8.8595974e+00
   7.6965238e+00
   1.2353733e+01
   2.4690102e+01
   7.7879824e+00
   2.1338614e+01
   2.7711877e+01
   8.6697052e+00
   3.3262473e+01
   2.1365493e+01
   6.8930259e+00
   1.6162171e+01
   4.2774052e+01
   2.5350021e+01
   1.5796454e+01
   2.1446524e+01
   1.6309125e+01
   1.9246533e+01
   1.2418087e+01
   8.7875135e+00
   1.2757316e+01
   1.4389700e+01
   8.7211489e+00
   1.3348565e+01
   2.1763093e+01
   1.9522685e+01
   3.4484995e+01
   1.5918589e+01
   8.9800838e+00
   1.7701360e+01
   2.9699284e+01
   8.8124800e+00
   2.5255551e+01
   3.2044757e+02
   1.2700615e+02
   2.0535763e+02
   1.0846328e+01
   7.5314902e+00
   1.2233560e+01
   3.4631262e+01
   2.9649940e+01
   3.3511549e+01
   1.7638772e+01
   6.7999585e+00
   3.8263414e+01
   1.7037321e+01
   4.7213764e+00
   4.7102813e-01
   1.1458865e+01
   7.6151498e+00
   1.5203440e+01
   2.6986133e+01
   1.6668171e+01
   2.8472446e+01
   6.7026334e+01
   4.0119467e+01
   6.6432829e+01
   7.9933744e+00
   1.8400126e+00
   1.3917349e+01
   1.2280158e+01
   5.2807230e+00
   1.6093305e+01
   1.8452119e+01
   8.6221561e+00
   1.9035913e+01
   3.0788881e+02
   2.3353686e+02
   2.4283282e+02
   3.7533550e+01
   1.3921273e+01
   3.2284023e+01
   2.3956118e+01
   1.0944134e+01
   1.6273220e+01
   2.4764953e+02
   1.4432962e+02
   1.7518011e+02
   1.3454513e+01
   1.3364359e+01
   1.4720886e+01
   1.6427335e+01
   1.3071138e+01
   7.8447529e+00
   6.4818103e+00
   2.9360741e+00
   1.1505070e+01
   5.9018039e+01
   2.5205029e+01
   4.1239670e+01
   1.4425899e+01
   8.6365670e+00
   1.1976735e+01
   2.5413786e+01
   1.3287841e+01
   3.0229613e+01
   4.4950303e+01
   4.3055894e+01
   5.2926225e+01
   1.3524753e+01
   7.5831594e+00
   1.5686288e+01
   1.5184801e+01
   8.7271133e+00
   8.3705002e+00
   1.0523089e+01
   1.0371426e+01
   9.8892648e+00
   8.4329409e+00
   4.6574545e+00
   1.0882233e+01
   1.3000604e+01
   5.7190436e+00
   6.8931927e+00
   1.2453304e+01
   5.8025365e+00
   1.0616382e+01
   5.0271934e+01
   3.0659095e+01
   4.0160276e+01
   3.0552264e+01
   2.1554140e+01
   2.3891470e+01
   1.1497516e+01
   6.4619157e+00
   8.3032527e+00
   1.3964535e+01
   1.4790047e+01
   1.4852438e+01
   2.8720541e+02
   1.5375409e+02
   2.1769861e+02
   2.3532228e+01
   1.0768241e+01
   2.1123873e+01
   9.0849821e+00
   7.5847585e+00
   1.5028920e+01
   2.3232336e+01
   1.6237021e+01
   6.1847243e+01
   1.4052825e+01
   1.2400527e+01
   1.0440194e+01
   1.2857084e+01
   8.6363610e+00
   9.9982539e+00
   4.4642269e+01
   2.3844873e+01
   4.0987750e+01
   3.0242955e+01
   1.4839489e+01
   3.3558440e+01
   1.2765361e+01
   1.1035073e+01
   7.6940909e+00
   1.9616174e+01
   9.4434493e+00
   1.7001220e+01
   5.9474008e+01
   3.9276689e+01
   5.0305288e+01
   5.8479274e+01
   2.8237791e+01
   9.3506271e+01
   5.4283733e+01
   2.0463954e+01
   3.9563436e+01
   1.6352093e+01
   8.2949240e+00
   1.6496496e+01
   3.0564625e+01
   1.6408206e+01
   3.1119576e+01
   1.8335969e+01
   2.0904521e+01
   9.2755414e+01
   2.4021943e+01
   1.8689031e+01
   1.8204319e+01
   1.2540025e+01
   8.8033567e+00
   1.0517595e+01
   6.2106619e+01
   1.5432503e+01
   6.2949298e+01
   1.9986011e+01
   1.4199975e+01
   3.3910521e+01
   1.1080003e+01
   4.8089797e+00
   5.0548772e+00
   1.7908155e+01
   1.8555124e+01
   2.3803475e+01
   1.0611183e+01
   8.4697087e+00
   1.4744724e+01
   2.5127530e+02
   1.3815129e+02
   3.5892828e+02
   8.0291318e+00
   2.4675093e+00
   1.0630705e+01
   1.8129469e+01
   1.6582530e+01
   3.1159012e+01
   1.2599473e+01
   9.4890953e+00
   1.3114989e+01
   3.3242362e+01
   6.1280617e+00
   6.3336597e+00
   7.9696440e+01
   3.6952602e+01
   6.2922517e+01
   2.0101377e+01
   1.1318974e+01
   1.3295297e+01
   1.3010414e+01
   1.2410631e+01
   2.7111603e+01
   2.5402308e+01
   1.6490414e+01
   2.1336161e+01
   1.1688517e+02
   5.3458614e+01
   1.3622460e+02
   1.8388158e+01
   5.6781555e+00
   1.4531651e+01
   7.8010395e+01
   5.2219905e+01
   6.3359553e+01
   2.1641056e+01
   1.4773762e+01
   2.1642528e+01
   2.3147284e+01
   6.1940242e+00
   1.9660025e+01
   1.4023395e+01
   8.7662552e+00
   1.3709279e+01
   8.4675898e+00
   5.9135661e+00
   1.0698688e+01
   2.6772667e+01
   1.2897992e+01
   3.1796368e+01
   1.4130913e+01
   2.7491152e+00
   5.3599289e+00
   2.0303855e+01
   3.4823832e+00
   8.3921313e+00
   1.2138502e+01
   5.7844175e+00
   1.0482574e+01
   1.1560202e+01
   5.1648767e+00
   8.4538852e+00
   1.5278486e+01
   6.2329110e+00
   1.0696726e+01
   1.2181960e+01
   6.0328753e+00
   1.0080462e+01
   2.6120106e+01
   2.0603452e+01
   2.0682129e+01
   2.7961247e+01
   1.4925523e+01
   3.1840906e+01
   9.6238749e+01
   4.7914198e+01
   1.1096778e+02
   1.5588286e+01
   1.1531066e+01
   2.3466403e+01
   2.1224229e+01
   1.6915285e+01
   1.5882096e+01
   1.2325382e+01
   7.1178711e+00
   1.3350919e+01
   1.1356645e+01
   4.2904133e+00
   1.0905581e+01
   1.6076922e+01
   8.6498498e+00
   2.6394884e+01
   3.0769654e+01
   2.0488774e+01
   3.0124744e+01
   1.1805256e+01
   4.4192088e+00
   1.4759537e+01
   1.1832724e+02
   3.4090927e+01
   1.0089977e+02
   1.6787853e+02
   1.4634558e+02
   1.9020118e+02
   2.7159083e+01
   2.2683663e+01
   2.5802262e+01
   1.0910191e+01
   9.9755928e+00
   1.9614408e+01
   2.0892357e+02
   9.6711296e+01
   1.3105179e+02
   2.0892357e+02
   9.6711296e+01
   1.3105179e+02
   2.8792056e+02
   8.2003360e+01
   3.7305076e+02
   2.4397960e+02
   1.4136897e+02
   2.0222824e+02
   1.1498105e+02
   3.6803981e+01
   8.1220325e+01
   3.3672236e+01
   2.7413555e+01
   3.8338363e+01
   1.8350095e+01
   1.3659640e+01
   2.4936235e+01
   1.8350095e+01
   1.3659640e+01
   2.4936235e+01
   6.6156286e+01
   3.4188439e+01
   1.0931872e+02
   1.8350095e+01
   1.3659640e+01
   2.4936235e+01
   6.6156286e+01
   3.4188439e+01
   1.0931872e+02
   1.5432994e+01
   7.1750046e+00
   1.3345426e+01
   1.9913319e+01
   1.5483123e+01
   3.5908426e+01
   2.6620612e+01
   2.4017627e+01
   4.0706987e+01
   2.7407178e+01
   1.5370112e+01
   2.6375853e+01
   2.0723429e+01
   7.6846733e+00
   1.7745898e+01
   1.6661696e+01
   5.2965858e+00
   1.0103810e+01
   3.0999208e+01
   2.0519479e+01
   4.5024368e+01
   1.2583778e+01
   6.6806983e+00
   9.5157687e+00
   1.5630273e+01
   1.6084378e+01
   2.2543086e+01
   2.4308689e+01
   8.6766016e+00
   2.1974989e+01
   4.3281720e+01
   2.5110363e+01
   6.9954129e+01
   3.2218198e+01
   2.5451554e+01
   3.8407523e+01
   8.3504584e+01
   5.8429733e+01
   7.2347475e+01
   3.7970488e+01
   1.8255723e+01
   3.5373290e+01
   4.5371348e+01
   3.8015123e+01
   4.0267794e+01
   1.3141280e+02
   4.7963837e+01
   9.1582432e+01
   4.6170176e+01
   2.3820544e+01
   8.0029293e+01
   3.1921446e+01
   2.3810243e+01
   4.1715553e+01
   5.2818708e+01
   2.1594164e+01
   3.8849366e+01
   6.0161983e+01
   3.7066693e+01
   5.9935274e+01
   8.3671550e+00
   8.0900814e+00
   1.9700834e+01
   1.4101188e+01
   1.0111657e+01
   1.4782297e+01
   1.5999816e+01
   1.1889229e+01
   2.0075969e+01
   1.1365179e+01
   6.6954427e+00
   1.8605352e+01
   3.5628252e+01
   2.0502606e+01
   4.5475530e+01
   3.9034579e+01
   3.1024027e+01
   8.0022328e+01
   2.1331354e+01
   6.1460435e+01
   3.0144266e+01
   1.0667786e+01
   4.2574615e+00
   1.4001519e+01
   2.4348616e+01
   1.6646687e+01
   2.8665016e+01
   1.0094294e+01
   7.6370261e+00
   1.2406020e+01
   1.2515402e+01
   4.7437530e+00
   1.1491336e+01
   1.3296572e+01
   8.9913457e+00
   2.8582220e+01
   1.6533185e+02
   1.0879486e+02
   9.3957531e+01
   3.1086909e+01
   1.4063224e+01
   2.4877571e+01
   1.8220603e+01
   5.3038059e+00
   1.6882127e+01
   9.4404965e+00
   7.1127797e+00
   1.0472273e+01
   7.5572414e+00
   1.0972583e+01
   1.2843841e+01
   1.4440810e+01
   1.4810255e+01
   1.5650874e+01
   3.1404066e+02
   2.1076981e+02
   2.9753534e+02
   1.3245168e+01
   1.1879125e+01
   1.4831347e+01
   3.0334580e+01
   1.2470962e+01
   2.3700960e+01
   1.1218324e+01
   6.3573509e+00
   1.1951719e+01
   1.6910772e+02
   7.1916129e+01
   1.5101416e+02
   3.6332414e+01
   1.5821274e+01
   6.0160708e+01
   3.5827788e+01
   4.1872513e+01
   5.6914579e+01
   1.8175281e+01
   1.3953253e+01
   2.1749653e+01
   1.1955251e+01
   6.6532695e+00
   1.2361483e+01
   3.6276203e+01
   3.2366035e+01
   3.4896819e+01
   4.7801874e+01
   1.6133232e+01
   3.6897470e+01
   1.5067964e+02
   7.0033786e+01
   1.4506636e+02
   2.3726760e+01
   1.2623606e+01
   2.2245156e+01
   4.2372333e+02
   5.1386546e+02
   3.5047010e+02
   5.1282069e+01
   2.0772479e+01
   3.3117873e+01
   4.3992258e+01
   3.1179515e+01
   5.0279585e+01
   5.8049792e+01
   1.9250359e+01
   2.9352501e+01
   3.2150804e+02
   2.3203985e+02
   3.8676710e+02
   1.7978296e+01
   1.4883340e+01
   2.7350084e+01
   7.8511981e+00
   8.4152632e+00
   1.0696922e+01
   1.1979285e+01
   5.5176835e+00
   9.6597010e+00
   1.3500130e+01
   6.3410270e+00
   1.3042689e+01
   9.3633997e+00
   5.8579826e+00
   1.1921602e+01
   1.0656505e+02
   7.2188455e+01
   1.2093768e+02
   2.0962695e+01
   1.7762182e+01
   2.1447407e+01
   2.6024066e+01
   1.9575463e+01
   2.0989672e+01
   4.0067964e+01
   1.6370241e+01
   3.7076503e+01
   2.4195874e+01
   8.9671837e+00
   2.0339662e+01
   1.0084876e+01
   6.1846753e+00
   1.2092689e+01
   1.4600321e+01
   9.1875947e+00
   1.9654041e+01
   1.6979442e+01
   2.2652958e+01
   2.4090711e+01
   9.7868190e+00
   3.4431432e+00
   1.1155540e+01
   1.4986835e+01
   8.8865847e+00
   1.7897658e+01
   1.8494989e+01
   1.5584951e+01
   2.1487432e+01
   3.0248056e+01
   1.0171597e+01
   2.4980576e+01
   1.0575376e+01
   4.7186002e+00
   1.1595714e+01
   3.5428815e+01
   5.0785683e+01
   5.4041720e+01
   1.1374695e+01
   1.0497681e+01
   2.0904914e+01
   1.6623143e+01
   1.4313280e+01
   2.5881625e+01
   8.7966172e+00
   3.6418350e+00
   1.0353965e+01
   1.2773601e+01
   6.1508602e+00
   1.4185947e+01
   1.5545122e+01
   2.3182403e+01
   2.6125600e+01
   5.1393413e+01
   2.6356625e+01
   3.6361059e+01
   3.4594474e+01
   1.4640542e+01
   3.4186280e+01
   3.3445429e+01
   1.3485316e+01
   2.5271835e+01
   3.7138796e+01
   1.6733015e+01
   2.0524188e+01
   1.7080093e+01
   6.4470437e+00
   1.4148571e+01
   1.2342746e+01
   5.1754028e+00
   1.1345069e+01
   1.1063914e+01
   2.3709593e+01
   1.9084374e+01
   1.7379298e+01
   1.2647739e+01
   1.7380475e+01
   2.2148331e+01
   2.7693041e+01
   1.9458724e+01
   1.6190032e+01
   1.2731320e+01
   1.2407198e+01
   2.8378760e+01
   1.0673672e+01
   2.3176321e+01
   4.0557581e+01
   6.2739855e+01
   7.9848691e+01
   7.1672056e+00
   2.2021292e+01
   5.8087659e+00
   2.6909320e+01
   1.1777592e+01
   1.7434528e+01
   3.3898063e+01
   1.6300002e+01
   2.4039209e+01
   1.6765977e+01
   9.4097324e+00
   2.0531741e+01
   1.9712018e+01
   1.4066657e+01
   2.6370163e+01
   1.1619749e+01
   8.6130819e+00
   2.6709098e+01
   2.9886263e+01
   1.5838049e+01
   1.9542697e+01
   2.3998497e+01
   7.0053210e+00
   2.0280802e+01
   8.3671943e+01
   8.3470936e+01
   1.0051228e+02
   2.0391949e+01
   6.0271463e+00
   2.1560516e+01
   1.6263901e+01
   9.1066917e+00
   1.0918039e+01
   3.4446245e+01
   2.3952586e+01
   3.0897576e+01
   5.9107212e+01
   4.7380730e+01
   5.8949369e+01
   1.5219234e+01
   1.0048187e+01
   1.6213576e+01
   7.9302176e+01
   2.4527354e+01
   3.1825013e+01
   3.0381962e+01
   9.8020048e+00
   2.6300806e+01
   1.8945661e+01
   6.7266778e+00
   2.0029960e+01
   7.2692983e+01
   5.4605109e+01
   5.7891655e+01
   6.9804821e+01
   5.8777204e+01
   5.5555011e+01
   1.3085461e+01
   1.0137850e+01
   6.7565590e+00
   1.2579461e+01
   8.2216138e+00
   1.3195725e+01
   3.8143831e+01
   2.0954160e+01
   2.6863410e+01
   5.0081620e+01
   1.9908316e+01
   3.8558892e+01
   2.1011156e+01
   2.0930812e+01
   4.2046150e+01
   3.2019644e+01
   2.7889634e+01
   3.7938017e+01
   1.7198205e+01
   7.6666916e+00
   1.7226066e+01
   7.9391643e+01
   4.9656552e+01
   6.6580961e+01
   7.7773680e+00
   1.4206057e+01
   1.2921830e+01
   1.7383320e+01
   7.1460258e+00
   1.7871466e+01
   1.8318507e+01
   1.0538883e+01
   1.8266416e+01
   2.0901480e+01
   1.4461902e+01
   1.8269948e+01
   4.0446336e+01
   4.0322435e+01
   7.4845101e+01
   4.8737453e+01
   2.4622217e+01
   3.1974714e+01
   2.8463617e+01
   2.0500644e+01
   2.4413558e+01
   7.2553877e+00
   4.3161057e+00
   1.2457228e+01
   5.3876226e+01
   2.3386353e+01
   3.5994656e+01
   3.6461121e+01
   3.8500816e+01
   6.3666409e+01
   1.7745996e+02
   8.4470673e+01
   1.8291235e+02
   2.8122131e+01
   1.7151608e+01
   2.6817695e+01
   1.9449698e+01
   1.3037882e+01
   2.1043431e+01
   1.7898639e+02
   6.1913755e+01
   1.5254354e+02
   1.1575015e+02
   7.5582420e+01
   6.8795077e+01
   1.7799362e+01
   1.1975754e+01
   1.6530635e+01
   2.3744615e+01
   1.3094780e+01
   2.5172852e+01
   2.4260424e+01
   1.5731316e+01
   1.9511796e+01
   2.6008272e+01
   7.1017435e+00
   1.2728966e+01
   2.4496060e+01
   6.5397580e+00
   1.3211617e+01
   2.0008770e+02
   1.1486529e+02
   1.2977158e+02
   1.0001001e+01
   7.6404891e+00
   1.2126043e+01
   2.5783623e+00
   2.3777184e+00
   3.5188372e+00
   2.0213701e+01
   1.5330970e+01
   2.3649556e+01
   9.7156965e+00
   3.4519232e+00
   1.2937919e+01
   5.2925931e+00
   3.0196063e+00
   6.7559704e+00
   1.8779577e+01
   1.2431821e+01
   1.8843833e+01
   3.2827988e+00
   2.7578559e+00
   4.3768787e+00
   1.6829153e+01
   1.2422305e+01
   2.0061352e+01
   4.1420567e+01
   1.1443659e+01
   3.9361448e+01
   2.2512871e+01
   1.7820061e+01
   3.5945115e+01
   2.2972862e+01
   4.1597147e+01
   1.6700838e+01
   2.9802093e+01
   1.1025753e+01
   1.5742598e+01
   9.5926791e+01
   6.9108899e+01
   8.1960490e+01
   1.4852242e+01
   1.1424334e+01
   1.6387997e+01
   1.8724543e+01
   4.9434748e+01
   4.7540437e+01
   1.0380942e+01
   6.3666900e+00
   1.2158906e+01
   1.1097955e+01
   7.4850006e+00
   1.1556376e+01
   5.1573426e+01
   3.0709911e+01
   6.3760095e+01
   1.8714439e+01
   2.6538208e+01
   2.5447925e+01
   3.7157631e+01
   2.2912432e+01
   3.3070295e+01
   5.0834635e+02
   4.3353725e+02
   3.0244917e+02
   1.7127671e+01
   1.1208906e+01
   9.4625298e+00
   1.1727070e+01
   7.8482943e+00
   1.1749731e+01
   2.3815443e+01
   1.6253502e+01
   1.4719120e+01
   1.2705520e+01
   5.7614620e+00
   9.4407516e+00
   1.4390093e+01
   6.3389964e+00
   4.6184597e+00
   8.8406052e+01
   3.7201580e+01
   4.0436329e+01
   1.4817711e+01
   1.8237280e+01
   1.6609703e+01
   6.1466125e+01
   1.6958155e+01
   1.8904360e+01
   3.3009277e+01
   1.1335161e+01
   1.5991281e+01
   1.9062007e+01
   7.4715609e+00
   1.1301807e+01
   1.6678962e+01
   8.7113879e+00
   1.3386039e+01
   1.5105144e+01
   7.7563844e+00
   8.9063715e+00
   2.9991524e+01
   1.0588816e+01
   9.3648811e+00
   9.6604269e+00
   1.2372078e+01
   1.7176231e+01
   3.4292523e+01
   2.1050985e+01
   5.0751152e+01
   4.3852073e+01
   4.8385765e+01
   3.5783446e+01
   1.3370343e+01
   1.2434862e+01
   2.1143297e+01
   8.7298013e+00
   6.7219690e+00
   1.8529815e+01
   6.6639526e+01
   3.2977787e+01
   5.1877831e+01
   1.4041543e+01
   3.8217994e+00
   1.0373977e+01
   1.6186500e+01
   1.4428940e+01
   3.1177553e+01
   1.1292683e+01
   5.2155944e+00
   9.2391855e+00
   1.7591292e+01
   3.7894853e+00
   1.6257819e+01
   1.5585637e+01
   2.3281190e+01
   2.9260777e+01
   1.5229633e+01
   9.5872836e+00
   1.4115119e+01
   4.1806296e+01
   1.4012898e+01
   3.9926798e+01
   1.0032883e+01
   6.5703064e+00
   1.2435450e+01
   1.5340584e+01
   9.0369426e+00
   2.8776752e+01
   6.8036961e+00
   6.2447026e+00
   1.2724060e+01
   1.2993345e+01
   1.0604119e+01
   1.1299747e+01
   3.7580638e+01
   2.1169784e+01
   2.0168085e+01
   1.2642932e+01
   1.0128923e+01
   2.1257289e+01
   1.6603523e+01
   9.0490775e+00
   1.4684589e+01
   1.6893605e+01
   2.2365525e+01
   1.2609676e+01
   1.3273421e+01
   9.7245451e+00
   1.4680763e+01
   3.5523383e+01
   1.2103970e+01
   3.4414069e+01
   3.6774551e+01
   1.5883273e+01
   1.8220211e+01
   4.2987714e+01
   3.3633389e+01
   4.0800673e+01
   2.8994044e+01
   3.6641233e+01
   3.7843448e+01
   1.2477535e+01
   7.1610449e+00
   1.1622299e+01
   2.0255786e+01
   9.0519322e+00
   1.6146966e+01
   1.8556792e+01
   7.7668811e+00
   1.2633809e+01
   7.5665511e+01
   5.0085445e+01
   1.4965547e+02
   3.7846882e+01
   1.9544463e+01
   3.7837268e+01
   2.7159574e+01
   6.6545841e+00
   2.5428893e+01
   5.3336381e+01
   3.1162642e+01
   7.1600541e+01
   1.7535277e+01
   3.0674202e+01
   1.6628048e+01
   1.4417953e+01
   1.4794265e+01
   8.5963068e+01
   4.4729480e+01
   3.0632215e+01
   4.6387174e+01
   8.2493761e+00
   6.6697013e+00
   1.3491889e+01
   7.9086650e+01
   4.1530831e+01
   8.7149391e+01
   1.1831449e+02
   5.1205846e+01
   1.1894233e+02
   3.9969766e+01
   2.0353003e+01
   4.9320756e+01
   1.2865030e+01
   8.9394508e+00
   1.7574517e+01
   2.8022755e+01
   1.4694791e+01
   3.1168724e+01
   1.1626027e+02
   6.2873271e+01
   1.0409391e+02
   4.2831735e+01
   2.0150819e+01
   6.1879322e+01
   3.5609417e+01
   9.1342283e+00
   2.3850170e+01
   2.3576275e+01
   1.1399122e+01
   1.7915414e+01
   9.7654626e+01
   5.5868931e+01
   8.1252012e+01
   1.1402555e+01
   7.6502010e+00
   1.5187940e+01
   1.4933665e+01
   1.3015221e+01
   1.2981769e+01
   4.0607612e+01
   2.5685229e+01
   3.9637109e+01
   2.0480337e+01
   4.7865443e+00
   5.8338991e+00
   1.2033829e+01
   4.7479223e+00
   8.9830562e+00
   1.4016920e+02
   8.1451743e+01
   1.9657376e+02
   1.5923494e+01
   7.6589319e+00
   1.7218316e+01
   1.7216844e+01
   9.7541811e+00
   1.5923003e+01
   7.2102127e+00
   4.6347835e+00
   1.0989653e+01
   1.3703981e+01
   8.9110606e+00
   1.3152659e+01
   3.4738780e+01
   3.6409521e+01
   6.5084151e+01
   1.1954760e+01
   1.3721247e+01
   1.7812311e+01
   3.4349323e+01
   7.1521375e+00
   1.8213050e+01
   1.2052566e+01
   9.5792099e+00
   1.4467297e+01
   3.5086446e+01
   2.1125246e+01
   3.8283721e+01
   1.2736912e+01
   9.2717155e+00
   1.6014923e+01
   1.8718167e+01
   1.1430023e+01
   3.4458606e+01
   2.3439720e+01
   1.8875617e+01
   1.3960022e+01
   1.5282116e+01
   3.0973407e+00
   4.4026495e+00
   2.8170690e+01
   2.0419907e+01
   4.6439951e+01
   1.3016104e+01
   6.3069961e+00
   1.0353474e+01
   3.0236971e+01
   2.6938554e+01
   2.9821615e+01
   3.6311519e+01
   3.1120067e+01
   3.9350068e+01
   6.3337284e+01
   2.9391545e+01
   5.2867660e+01
   1.9192676e+01
   1.1448662e+01
   1.2974215e+01
   1.7414614e+01
   1.1109138e+01
   1.4867840e+01
   2.4029889e+01
   1.4371258e+01
   1.6028657e+01
   1.2111034e+01
   7.2668360e+00
   7.9153064e+00
   2.2929698e+01
   6.2152138e+00
   1.0943349e+01
   8.6653692e+00
   6.1343107e+00
   1.1771706e+01
   1.1794465e+01
   1.8651753e+01
   2.3978681e+01
   1.4604932e+01
   6.2093866e+00
   7.2534748e+00
   3.1614295e+01
   3.6069604e+01
   1.5878368e+01
   1.4815454e+01
   3.0717366e+00
   9.1803353e+00
   1.2474396e+01
   1.1597578e+01
   1.5485085e+01
   2.0072339e+01
   7.9130697e+00
   1.6371811e+01
   4.1274692e+01
   2.0223217e+01
   5.8120228e+01
   1.6328647e+01
   1.5264752e+01
   2.1096111e+01
   1.2418773e+01
   5.8259236e+00
   1.1229801e+01
   1.8449569e+01
   1.0363186e+01
   2.5064452e+01
   3.1256033e+01
   1.9039738e+01
   4.4642759e+01
   1.3514648e+01
   8.5069573e+00
   2.6022496e+01
   8.5621386e+00
   1.2406020e+01
   1.4622394e+01
   3.7067281e+01
   2.0700081e+01
   2.7341255e+01
   2.1133487e+01
   1.0928929e+01
   1.2023725e+01
   1.4809078e+01
   5.2515873e+00
   5.2087961e+00
   1.8154778e+01
   1.3364163e+01
   2.0117367e+01
   1.6358371e+01
   2.3742652e+01
   1.2607420e+01
   1.4519977e+01
   9.1395159e+00
   1.1582176e+01
   1.5563271e+01
   8.9799268e+00
   1.1525769e+01
   8.0550695e+00
   6.7466607e+00
   1.3274892e+01
   4.6028716e+01
   2.3869300e+01
   2.5425067e+01
   1.0153056e+01
   6.0104006e+00
   1.3929121e+01
   7.3202612e+01
   4.5385573e+01
   5.6231803e+01
   2.5021876e+01
   1.1137489e+01
   1.5972151e+01
   3.4039817e+01
   1.3375150e+01
   1.5867086e+01
   5.8141123e+01
   3.8105473e+01
   4.5809561e+01
   1.2307528e+01
   1.4390387e+01
   2.2642265e+01
   2.6819853e+01
   1.7139836e+01
   2.5801968e+01
   1.3010414e+01
   5.7727730e+00
   1.5377862e+01
   6.7879903e+01
   6.2528351e+01
   5.8563444e+01
   4.2337311e+01
   1.2887593e+01
   3.2365054e+01
   1.0684071e+02
   1.3532012e+02
   1.7666142e+02
   3.4515014e+01
   1.0322867e+01
   2.7150058e+01
   2.7352831e+01
   1.7411671e+01
   3.4927132e+01
   1.8746910e+01
   6.7308863e+00
   7.0445904e+00
   7.4582683e+01
   7.2912531e+01
   6.7395583e+01
   1.6616767e+01
   6.7632691e+00
   1.0215349e+01
   4.3463597e+01
   1.6422823e+01
   3.0661351e+01
   2.0166809e+01
   1.8815188e+01
   1.5666079e+01
   1.8678927e+01
   8.6374205e+00
   1.4401276e+01
   4.8260491e+01
   8.9534006e+01
   2.7706383e+01
   1.0165416e+01
   5.3624795e+00
   1.0987985e+01
   1.3417137e+01
   8.9638679e+00
   1.2816373e+01
   4.2612874e+02
   2.7397859e+02
   1.6991999e+02
   2.4313496e+01
   6.9795207e+00
   2.3780323e+01
   1.1892467e+01
   7.7056177e+00
   8.4654120e+00
   1.0295006e+01
   5.2195969e+00
   1.3713693e+01
   1.4833799e+01
   7.2092415e+00
   1.2939488e+01
   9.9428274e+00
   4.2231559e+00
   1.0481985e+01
   1.1945343e+01
   5.7974942e+00
   6.0296674e+00
   2.7397074e+01
   1.2471747e+01
   1.1032522e+01
   1.3523085e+01
   4.1780005e+00
   1.5280252e+01
   4.9242472e+01
   1.5799201e+01
   3.2744995e+01
   1.4468769e+01
   7.1889348e+00
   9.6312127e+00
   1.4927288e+01
   4.7428701e+00
   6.6454313e+00
   5.1987016e+00
   3.1728875e+00
   1.4914830e+01
   9.5573336e+00
   6.5458991e+00
   1.1907770e+01
   3.8300791e+01
   1.0571060e+01
   3.0419437e+01
   3.2534865e+01
   8.6848420e+00
   1.5334698e+01
   2.4727969e+01
   8.7524722e+00
   2.4923482e+01
   3.2534865e+01
   8.6848420e+00
   1.5334698e+01
   2.4727969e+01
   8.7524722e+00
   2.4923482e+01
   3.4913790e+01
   2.5933618e+01
   2.8407308e+01
   1.1193897e+01
   3.1042568e+01
   1.8294571e+01
   4.9559335e+01
   1.5268971e+01
   2.8454788e+01
   1.5293790e+01
   7.8431244e+00
   2.7739050e+01
   1.0442353e+01
   5.8664781e+00
   1.1546370e+01
   1.3530737e+01
   7.6694089e+00
   7.6746867e+00
   1.2025687e+01
   5.3024816e+00
   1.7259125e+01
   7.7425229e+00
   1.0085955e+01
   1.6286562e+01
   2.4872372e+01
   9.1391628e+00
   2.6357017e+01
   2.6338182e+01
   2.0696353e+01
   3.5069278e+01
   3.0800849e+01
   6.2101911e+00
   1.2068556e+01
   1.4624159e+01
   4.8783855e+00
   7.7622998e+00
   1.1817911e+01
   1.5353533e+01
   1.5430247e+01
   5.9498140e+01
   7.1059324e+01
   6.0972583e+01
   3.0652718e+01
   1.3857704e+01
   1.8983527e+01
   2.1288190e+01
   3.9066755e+01
   1.5660488e+01
   2.3645533e+01
   1.7516147e+01
   3.0019875e+01
   1.0977390e+01
   8.9256972e+00
   9.0871600e+00
   8.6116398e+00
   4.2747762e+00
   2.1813124e+01
   3.9976927e+01
   1.7788767e+01
   2.8325884e+01
   2.9601675e+01
   2.6355840e+01
   2.6810436e+01
   3.5249979e+01
   1.3972972e+01
   1.7652703e+01
   1.1934944e+01
   7.2400154e+00
   1.6820422e+01
   1.4788967e+01
   1.0133436e+01
   1.1461612e+01
   2.7823809e+01
   3.4083177e+01
   2.9383108e+01
   1.4806724e+01
   8.6567560e+00
   1.3224469e+01
   1.6165408e+01
   1.4400099e+01
   1.2102499e+01
   5.5594349e+01
   2.2374844e+01
   3.2410180e+01
   5.5594349e+01
   2.2374844e+01
   3.2410180e+01
   1.0817781e+01
   7.9050059e+00
   1.2054626e+01
   9.9416502e+01
   5.2682447e+01
   6.3481099e+01
   1.0245564e+01
   6.9550840e+00
   1.4582271e+01
   7.7352929e+01
   3.2917847e+01
   6.7880589e+01
   1.1182909e+01
   5.7515736e+00
   1.2467137e+01
   8.6313874e+00
   4.6785656e+00
   6.5361676e+00
   1.2919181e+01
   4.8332300e+00
   1.1904337e+01
   1.6301866e+01
   4.4260954e+00
   8.1268198e+00
   8.3653402e+00
   8.0232262e+00
   8.9400884e+00
   1.3549572e+01
   1.6886738e+01
   2.5784015e+01
   3.8610198e+01
   1.5783898e+01
   2.8000781e+01
   1.5350982e+01
   7.4923875e+00
   1.5272208e+01
   3.0324181e+01
   1.0379274e+01
   2.3619929e+01
   3.5957476e+01
   2.2060532e+01
   1.9560159e+01
   1.6456471e+01
   9.8410977e+00
   2.9680253e+01
   4.3846482e+00
   4.3371678e+00
   3.5665530e+00
   3.5758725e+00
   2.5148327e+00
   2.3731960e+00
   6.2486659e+00
   5.2711190e+00
   5.7024255e+00
   5.5265420e+00
   9.5594820e+00
   4.3789191e+00
   9.1998180e+00
   1.4184769e+01
   6.2419951e+00
   1.0081246e+01
   3.3469562e+00
   5.2994405e+00
   3.8114891e+01
   2.1093756e+01
   3.1672272e+01
   3.8793939e+01
   1.1362334e+01
   3.0601804e+01
   5.3174614e+00
   3.6023497e+00
   5.8414626e+00
   4.8474153e+00
   3.6496045e+00
   6.3483159e+00
   1.7508299e+01
   6.1445033e+00
   2.1604563e+01
   9.9006444e+00
   5.4416462e+00
   1.4277866e+01
   6.3408014e+00
   3.4522567e+00
   5.2215687e+00
   9.8034567e+00
   5.3659523e+00
   1.5137026e+01
   9.1619612e+00
   5.4818378e+00
   1.9188850e+01
   4.1536030e+01
   1.9506694e+01
   2.8773122e+01
   3.9405495e+01
   4.4129010e+01
   8.5641398e+01
   1.0989751e+01
   1.0316686e+01
   1.3492478e+01
   1.1493396e+01
   6.9357681e+00
   9.1350229e+00
   1.8032742e+01
   1.0560857e+01
   2.3292177e+01
   1.1712846e+01
   6.5227475e+00
   1.2014307e+01
   1.4399412e+01
   6.2443593e+00
   6.5175384e+00
   2.4089828e+01
   1.7872349e+01
   2.1178907e+01
   5.9315184e+00
   2.9773056e+00
   1.4976535e+01
   2.1488903e+01
   1.6530831e+01
   2.8964614e+01
   6.6974341e+00
   5.8517239e+00
   3.6343794e+01
   1.5111128e+01
   9.4953835e+00
   1.3469326e+01
   1.3960807e+01
   1.5475667e+01
   1.2371685e+01
   6.2695416e+00
   3.8584692e+00
   6.3118227e+00
   1.1433653e+01
   4.2709797e+00
   1.5239443e+01
   1.8095820e+01
   4.9807724e+00
   2.1540013e+01
   8.6610822e+00
   3.6220090e+00
   9.3542666e+00
   7.4045488e+00
   3.9639365e+00
   1.0427343e+01
   7.6693697e+00
   2.4388052e+00
   6.4896191e+00
   1.0282548e+01
   6.4341043e+00
   1.0252235e+01
   1.6612548e+01
   5.5552362e+00
   1.9677487e+01
   9.5385082e+00
   5.9532083e+00
   1.4463079e+01
   1.4902861e+01
   6.2252788e+00
   1.9061124e+01
   2.7706383e+01
   8.0547654e+00
   4.7087313e+00
   1.3577727e+01
   3.2477182e+00
   1.2999623e+01
   1.4514484e+01
   3.1378462e+00
   1.3239674e+01
   1.4067246e+01
   7.5166967e+00
   8.3135826e+00
   1.7993208e+01
   6.7308863e+00
   1.7401763e+01
   1.0817781e+01
   7.9050059e+00
   1.2054626e+01
   9.9416502e+01
   5.2682447e+01
   6.3481099e+01
   1.0245564e+01
   6.9550840e+00
   1.4582271e+01
   7.7352929e+01
   3.2917847e+01
   6.7880589e+01
   1.1182909e+01
   5.7515736e+00
   1.2467137e+01
   8.6313874e+00
   4.6785656e+00
   6.5361676e+00
   1.2919181e+01
   4.8332300e+00
   1.1904337e+01
   1.6301866e+01
   4.4260954e+00
   8.1268198e+00
   8.3653402e+00
   8.0232262e+00
   8.9400884e+00
   1.3549572e+01
   1.6886738e+01
   2.5784015e+01
   3.8610198e+01
   1.5783898e+01
   2.8000781e+01
   1.5350982e+01
   7.4923875e+00
   1.5272208e+01
   3.0324181e+01
   1.0379274e+01
   2.3619929e+01
   3.5957476e+01
   2.2060532e+01
   1.9560159e+01
   1.6456471e+01
   9.8410977e+00
   2.9680253e+01
   4.3846482e+00
   4.3371678e+00
   3.5665530e+00
   3.5758725e+00
   2.5148327e+00
   2.3731960e+00
   6.2486659e+00
   5.2711190e+00
   5.7024255e+00
   5.5265420e+00
   9.5594820e+00
   4.3789191e+00
   9.1998180e+00
   1.4184769e+01
   6.2419951e+00
   1.0081246e+01
   3.3469562e+00
   5.2994405e+00
   3.8114891e+01
   2.1093756e+01
   3.1672272e+01
   3.8793939e+01
   1.1362334e+01
   3.0601804e+01
   5.3174614e+00
   3.6023497e+00
   5.8414626e+00
   4.8474153e+00
   3.6496045e+00
   6.3483159e+00
   1.7508299e+01
   6.1445033e+00
   2.1604563e+01
   9.9006444e+00
   5.4416462e+00
   1.4277866e+01
   6.3408014e+00
   3.4522567e+00
   5.2215687e+00
   9.8034567e+00
   5.3659523e+00
   1.5137026e+01
   9.1619612e+00
   5.4818378e+00
   1.9188850e+01
   4.1536030e+01
   1.9506694e+01
   2.8773122e+01
   3.9405495e+01
   4.4129010e+01
   8.5641398e+01
   1.0989751e+01
   1.0316686e+01
   1.3492478e+01
   1.1493396e+01
   6.9357681e+00
   9.1350229e+00
   1.8032742e+01
   1.0560857e+01
   2.3292177e+01
   1.1712846e+01
   6.5227475e+00
   1.2014307e+01
   1.4399412e+01
   6.2443593e+00
   6.5175384e+00
   2.4089828e+01
   1.7872349e+01
   2.1178907e+01
   5.9315184e+00
   2.9773056e+00
   1.4976535e+01
   2.1488903e+01
   1.6530831e+01
   2.8964614e+01
   6.6974341e+00
   5.8517239e+00
   3.6343794e+01
   1.5111128e+01
   9.4953835e+00
   1.3469326e+01
   1.3960807e+01
   1.5475667e+01
   1.2371685e+01
   6.2695416e+00
   3.8584692e+00
   6.3118227e+00
   1.1433653e+01
   4.2709797e+00
   1.5239443e+01
   1.8095820e+01
   4.9807724e+00
   2.1540013e+01
   8.6610822e+00
   3.6220090e+00
   9.3542666e+00
   7.4045488e+00
   3.9639365e+00
   1.0427343e+01
   7.6693697e+00
   2.4388052e+00
   6.4896191e+00
   1.0282548e+01
   6.4341043e+00
   1.0252235e+01
   1.6612548e+01
   5.5552362e+00
   1.9677487e+01
   9.5385082e+00
   5.9532083e+00
   1.4463079e+01
   1.4902861e+01
   6.2252788e+00
   1.9061124e+01
   2.7706383e+01
   8.0547654e+00
   4.7087313e+00
   1.3577727e+01
   3.2477182e+00
   1.2999623e+01
   1.4514484e+01
   3.1378462e+00
   1.3239674e+01
   1.4067246e+01
   7.5166967e+00
   8.3135826e+00
   1.7993208e+01
   6.7308863e+00
   1.7401763e+01
   2.0019463e+01
   1.0527111e+01
   1.8796647e+01
   1.2299680e+01
   1.0546339e+01
   3.1680512e+01
   2.6207415e+01
   2.0270207e+01
   5.9147041e+01
   2.1502441e+01
   9.1140295e+00
   7.6831528e+00
   2.6207415e+01
   2.0270207e+01
   5.9147041e+01
   2.1502441e+01
   9.1140295e+00
   7.6831528e+00
   1.3410172e+01
   4.7039342e+00
   1.1367436e+01
   1.0857904e+01
   6.8011357e+00
   1.0969346e+01
   1.4800641e+01
   5.6647747e+00
   1.1562753e+01
   2.1935945e+01
   5.7392424e+00
   2.0555972e+01
   1.9055533e+01
   2.2781174e+01
   3.0275916e+01
   2.2383183e+01
   7.5044930e+00
   3.2882924e+01
   2.0595604e+01
   1.1128268e+01
   2.4705013e+01
   1.5280448e+01
   7.3637980e+00
   2.4031753e+01
   1.4312496e+01
   5.0829730e+00
   9.3196668e+00
   2.3852524e+01
   8.2838289e+00
   2.4076094e+01
   2.1315560e+01
   1.3565268e+01
   1.4813590e+01
   2.2556133e+01
   6.9334039e+00
   1.4847043e+01
   1.4051550e+01
   6.0078206e+00
   1.4383226e+01
   1.7811428e+01
   8.5721251e+00
   1.3212108e+01
   8.3687148e+00
   4.2166617e+00
   1.4384207e+01
   1.4919048e+01
   8.3514100e+00
   1.3090856e+01
   1.0412040e+01
   4.7485599e+00
   7.3346133e+00
   1.0208188e+01
   8.1211987e+00
   1.6586846e+01
   1.2324695e+01
   7.7029690e+00
   1.8503426e+01
   6.5183820e+01
   4.8905597e+01
   5.9341475e+01
   4.1166390e+01
   2.7099929e+01
   5.5689702e+01
   2.5139204e+01
   1.1469460e+01
   1.3651890e+01
   1.0348177e+01
   1.1476817e+01
   1.5813230e+01
   2.0534390e+01
   9.5154253e+00
   1.8952528e+01
   1.0348177e+01
   1.1476817e+01
   1.5813230e+01
   2.0534390e+01
   9.5154253e+00
   1.8952528e+01
   2.1534912e+01
   1.0503763e+01
   1.9217594e+01
   2.1534912e+01
   1.0503763e+01
   1.9217594e+01
   1.4299154e+01
   1.1504481e+01
   1.6849754e+01
   1.1520668e+01
   3.9397450e+00
   9.1185225e+00
   9.6812241e+01
   5.3428399e+01
   1.2537965e+02
   2.5584088e+01
   1.4917380e+01
   3.7503139e+01
   1.1520668e+01
   3.9397450e+00
   9.1185225e+00
   9.6812241e+01
   5.3428399e+01
   1.2537965e+02
   2.5584088e+01
   1.4917380e+01
   3.7503139e+01
   1.1520668e+01
   3.9397450e+00
   9.1185225e+00
   9.6812241e+01
   5.3428399e+01
   1.2537965e+02
   2.5584088e+01
   1.4917380e+01
   3.7503139e+01
   1.5131434e+01
   1.2979219e+01
   1.1622888e+01
   2.6057714e+01
   1.3975326e+01
   1.9716236e+01
   3.2957382e+01
   9.5786017e+00
   1.7303663e+01
   3.8526519e+01
   1.4981636e+01
   2.5598606e+01
   1.4455427e+01
   1.5700905e+01
   1.2749763e+01
   1.0635511e+01
   5.2137109e+00
   1.2847863e+01
   3.7981279e+01
   2.3398714e+01
   3.1036093e+01
   2.0568136e+01
   6.7727455e+00
   1.3204260e+01
   2.9561356e+01
   1.1895998e+01
   2.6461592e+01
   1.1577271e+02
   4.2610520e+01
   1.2265737e+02
   1.7868228e+01
   5.8000546e+00
   1.8762214e+01
   2.1594557e+01
   1.2044031e+01
   1.1584138e+01
   1.8845402e+01
   6.1407363e+00
   1.3548983e+01
   2.3522124e+01
   1.5361970e+01
   1.4743743e+01
   1.3890175e+01
   1.1255307e+01
   1.3327179e+01
   1.3890175e+01
   1.1255307e+01
   1.3327179e+01
   1.3890175e+01
   1.1255307e+01
   1.3327179e+01
   1.5709243e+01
   9.4272825e+00
   2.0641123e+01
   5.0570844e+01
   2.6430494e+01
   5.4699971e+01
   1.2896422e+01
   8.2043188e+00
   1.1628480e+01
   1.9376810e+01
   1.0538589e+01
   2.0854098e+01
   2.6044373e+01
   1.1985662e+01
   2.1078355e+01
   5.7866639e+01
   2.9366627e+01
   3.7863363e+01
   7.7143976e+00
   2.7873153e+00
   1.3258509e+01
   3.9455918e+01
   1.7850865e+01
   2.6257054e+01
   2.4246985e+01
   1.6882323e+01
   3.1619690e+01
   3.9311907e+01
   2.9355346e+01
   2.4599262e+01
   2.6372419e+01
   7.9428725e+00
   1.4472987e+01
   6.9935686e+01
   3.8058287e+01
   6.8691190e+01
   1.0885961e+01
   5.3773809e+00
   1.5838932e+01
   1.0885961e+01
   5.3773809e+00
   1.5838932e+01
   1.1154755e+01
   4.8382528e+00
   1.3645612e+01
   1.9861130e+01
   8.7476359e+00
   2.0653385e+01
   6.2603790e+00
   5.8281406e+00
   1.9958053e+01
   1.1154755e+01
   4.8382528e+00
   1.3645612e+01
   1.9861130e+01
   8.7476359e+00
   2.0653385e+01
   6.2603790e+00
   5.8281406e+00
   1.9958053e+01
   2.0866949e+01
   2.6656615e+01
   2.7422285e+01
   3.8595287e+01
   2.7847058e+01
   3.5956887e+01
   4.3164098e+01
   1.3884387e+01
   1.6748907e+01
   1.5948215e+01
   1.6422038e+01
   3.6532440e+01
   2.5820803e+01
   1.0997304e+01
   2.6744120e+01
   1.5751034e+01
   6.2497254e+00
   2.7241978e+01
   3.9438358e+01
   1.0727235e+01
   3.2271859e+01
   1.0584401e+01
   8.6044000e+00
   1.5515986e+01
   5.4900390e+01
   8.0546476e+01
   5.3353941e+01
   4.8262159e+01
   4.9131815e+01
   4.2165048e+01
   6.4281104e+01
   2.4420327e+01
   3.5909701e+01
   3.4588294e+01
   2.4360486e+01
   3.1107019e+01
   8.4720337e+01
   4.7756846e+01
   1.4479952e+02
   2.8662564e+01
   1.4831935e+01
   2.5723978e+01
   1.8286134e+01
   1.0595192e+01
   5.3090935e+01
   5.8193509e+01
   1.6004623e+01
   3.1805590e+01
   2.5847192e+01
   2.2168049e+01
   2.4443086e+01
   3.6473678e+01
   1.8725034e+01
   1.7737363e+01
   3.4763991e+01
   5.6828545e+01
   3.9786025e+01
   1.1537737e+01
   9.5844779e+00
   1.0936973e+01
   6.9920971e+01
   2.3930318e+01
   6.2470963e+01
   2.1835981e+01
   5.3798138e+00
   1.7164851e+01
   2.5847192e+01
   2.2168049e+01
   2.4443086e+01
   3.6473678e+01
   1.8725034e+01
   1.7737363e+01
   3.4763991e+01
   5.6828545e+01
   3.9786025e+01
   1.1537737e+01
   9.5844779e+00
   1.0936973e+01
   6.9920971e+01
   2.3930318e+01
   6.2470963e+01
   2.1835981e+01
   5.3798138e+00
   1.7164851e+01
   2.0797494e+01
   1.1477111e+01
   1.7723335e+01
   3.2074384e+01
   1.9573304e+01
   5.1116378e+01
   3.2770011e+01
   1.5457813e+01
   2.4953991e+01
   1.1868923e+01
   8.2614130e+00
   1.4541755e+01
   1.8253075e+01
   1.2740149e+01
   2.8550926e+01
   1.9184828e+01
   2.5155293e+01
   1.9196797e+01
   6.2186571e+01
   5.0528367e+01
   5.7124120e+01
   1.5825198e+01
   5.7374570e+00
   6.5395814e+00
   1.2373451e+01
   7.6455510e+00
   1.5257689e+01
   6.5196377e+01
   2.3947289e+01
   3.3511549e+01
   1.9627161e+01
   1.0542218e+01
   1.6139118e+01
   1.2179998e+02
   5.9873177e+01
   9.0722586e+01
   3.1238866e+01
   1.1951327e+01
   3.4706995e+01
   8.5621778e+01
   2.6774825e+01
   3.9636618e+01
   1.0500624e+01
   6.6496693e+00
   1.6246635e+01
   1.0058683e+01
   4.0734063e+00
   1.6863194e+01
   1.5722389e+01
   1.0361812e+01
   1.2961757e+01
   1.1027715e+01
   6.2875233e+00
   7.6632483e+00
   2.5394853e+01
   1.7735597e+01
   6.4433944e+01
   8.2235464e+01
   4.6105528e+01
   9.3912601e+01
   3.5884980e+01
   3.5820234e+01
   3.6391961e+01
   1.3852210e+01
   8.5183075e+00
   1.1457884e+01
   1.5740145e+01
   1.3040629e+01
   2.0706752e+01
   1.5902108e+01
   1.3376131e+01
   2.0077342e+01
   1.5902108e+01
   1.3376131e+01
   2.0077342e+01
   5.0232988e+01
   3.0352336e+01
   4.1319229e+01
   1.5933696e+01
   7.4509991e+00
   1.3678672e+01
   1.2926343e+01
   6.3833670e+00
   1.3767550e+01
   9.4139801e+00
   6.7807309e+00
   1.6403693e+01
   4.1522296e+02
   4.3835102e+02
   5.5749641e+02
   3.3530580e+01
   3.5154920e+01
   2.7413064e+01
   1.0589012e+01
   7.1664895e+00
   8.7535317e+00
   7.1649886e+01
   4.5031726e+01
   8.4862876e+01
   1.2504022e+01
   7.7375590e+00
   1.4380283e+01
   2.8247306e+01
   2.3949742e+01
   2.4538047e+01
   1.6414288e+02
   5.2516265e+01
   1.6815027e+02
   3.0682639e+01
   1.1601796e+01
   4.1903219e+01
   1.3413213e+01
   4.7745466e+00
   1.3807085e+01
   1.2963032e+01
   3.5801006e+00
   1.4915713e+01
   1.3844264e+01
   2.2795595e+00
   6.8291138e+00
   1.5539334e+01
   8.5648069e+00
   1.0506804e+01
   2.2102617e+01
   2.0577554e+01
   2.1982052e+01
   2.4763089e+01
   1.9138721e+01
   2.1650180e+01
   2.4158596e+01
   2.3615907e+01
   2.9980341e+01
   9.7028257e+00
   7.0685759e+00
   1.3138925e+01
   2.4906119e+01
   1.1021633e+01
   5.3566230e+01
   2.5550047e+01
   1.6815811e+01
   1.9274590e+01
   9.7942549e+01
   1.2755747e+02
   1.1221070e+02
   3.2850747e+01
   2.4733953e+01
   2.2052193e+01
   1.1671742e+01
   4.2182608e+00
   1.1004073e+01
   2.3626600e+01
   4.9954286e+01
   1.9090554e+01
   2.1623006e+01
   8.9436691e+00
   1.7455423e+01
   3.3299554e+01
   1.5459089e+01
   5.4139820e+01
   1.8954980e+01
   1.0154135e+01
   1.0559680e+01
   5.8030466e+01
   2.7705598e+01
   5.0496975e+01
   1.5606042e+01
   5.8645651e+00
   1.0563604e+01
   5.5897380e+01
   2.8484316e+01
   8.7531098e+01
   4.9843629e+01
   2.0880389e+01
   3.4325288e+01
   1.5446139e+01
   4.4489625e+00
   6.0818959e+00
   8.8958944e+01
   3.1405930e+01
   5.1180438e+01
   4.5876367e+00
   3.7696200e+00
   1.0960811e+01
   9.1571249e+01
   3.0774166e+01
   8.8425967e+01
   5.7723315e+01
   2.5570746e+01
   6.7880295e+01
   8.6642803e+00
   7.7332426e+00
   1.6314815e+01
   1.6290584e+01
   9.9974691e+00
   1.2028531e+01
   2.2560646e+01
   1.5246800e+01
   1.6102134e+01
   2.1569247e+01
   2.5198751e+01
   2.1163604e+01
   6.5689526e+01
   4.1149516e+01
   8.0903560e+01
   8.7040108e+01
   3.8826116e+01
   1.3050537e+02
   1.0945213e+01
   6.3611866e+00
   1.4479266e+01
   3.0749641e+01
   2.9324739e+01
   3.4827168e+01
   2.8432912e+01
   3.1416623e+01
   2.3324746e+01
   3.6319759e+01
   5.0538471e+01
   7.4040681e+01
   5.2208820e+01
   4.9486839e+01
   7.8773711e+01
   4.8352313e+01
   2.7778094e+01
   5.0230045e+01
   1.5025094e+01
   3.2432449e+01
   1.3923039e+01
   4.2201148e+01
   3.5015814e+01
   4.0788901e+01
   1.4112764e+01
   1.1258545e+01
   1.5340093e+01
   1.2698162e+01
   5.4481110e+00
   1.3965712e+01
   2.6023183e+01
   1.8685990e+01
   3.1654025e+01
   2.6936298e+01
   3.2397231e+01
   4.7662572e+01
   1.5420143e+01
   6.6742335e+00
   1.5965481e+01
   1.0553402e+01
   3.3405895e+00
   1.0194552e+01
   2.4709526e+01
   9.6128386e+00
   1.6729385e+01
   3.6799762e+01
   2.3331613e+01
   4.2734322e+01
   1.4493588e+01
   1.1988801e+01
   1.3426358e+01
   2.7859125e+01
   2.5987082e+01
   2.6747259e+01
   2.3333870e+01
   7.2774994e+00
   1.5712383e+01
   1.7606890e+01
   7.7607891e+00
   1.2399546e+01
   1.2868856e+01
   5.0050326e+00
   1.1163289e+01
   1.2799990e+01
   5.0929694e+00
   1.3433520e+01
   1.3988864e+01
   7.9259895e+00
   1.4530081e+01
   3.2758435e+01
   1.5176855e+01
   2.5881134e+01
   2.5614891e+01
   1.8248562e+01
   3.2252729e+01
   9.8524773e+00
   3.4566418e+00
   1.1402850e+01
   1.0409980e+01
   3.8385058e+00
   1.0415571e+01
   1.2786844e+01
   4.7986498e+00
   1.6602052e+01
   4.5927085e+02
   1.2693748e+02
   5.3526303e+02
   5.0723292e+01
   9.5389889e+00
   2.8579767e+01
   1.5495778e+01
   1.2219532e+01
   1.1567167e+01
   2.1227957e+01
   1.2788414e+01
   2.1325665e+01
   3.8542901e+01
   2.3962985e+01
   5.2388441e+01
   1.8199610e+01
   2.0557934e+01
   2.9120494e+01
   7.7186355e+01
   6.2816962e+01
   9.5045656e+01
   2.9682902e+01
   1.7275116e+01
   3.7374334e+01
   7.7785550e+00
   4.4073877e+00
   1.3171691e+01
   1.3495028e+01
   6.1950150e+00
   1.4107074e+01
   1.4117963e+01
   7.9879691e+00
   7.9721652e+00
   1.2276430e+02
   1.2060120e+02
   2.0477100e+02
   1.0382806e+01
   8.2154924e+00
   1.2324597e+01
   3.4595848e+01
   4.7756650e+01
   3.3887075e+01
   2.5345018e+01
   2.0998011e+01
   4.2045366e+01
   1.9875943e+01
   1.0125784e+01
   1.7358206e+01
   2.1707372e+01
   5.8033213e+00
   2.1274555e+01
   1.0183172e+01
   3.0988613e+00
   9.7356010e+00
   8.7521092e+01
   6.8508920e+01
   8.3306128e+01
   2.7064809e+01
   1.4303961e+01
   2.5334619e+01
   1.4810746e+01
   7.7079328e+00
   2.4869527e+01
   1.6487176e+02
   1.1076373e+02
   1.6231430e+02
   1.1067544e+01
   7.5942643e+00
   9.0595546e+00
   2.9227620e+01
   7.3784934e+00
   2.1586611e+01
   2.0153860e+01
   4.5632687e+00
   2.7319673e+01
   5.8603370e+02
   3.0810954e+02
   5.6054634e+02
   2.6013864e+01
   1.2357755e+01
   1.3824056e+01
   1.1375185e+01
   6.1302984e+00
   1.0137065e+01
   1.0542022e+01
   1.6496398e+00
   6.2826477e+00
   5.5861966e+01
   3.3033213e+01
   4.0745148e+01
   3.0362048e+01
   1.2465371e+01
   1.5811071e+01
   1.3456671e+01
   6.2039715e+00
   6.2348632e+00
   2.0285510e+01
   1.0455204e+01
   1.5270638e+01
   2.8192567e+02
   1.4477696e+02
   1.2315572e+02
   4.8003862e+01
   2.5346293e+01
   2.7305546e+01
   1.5336954e+01
   6.3349154e+00
   8.6154854e+00
   1.2094945e+01
   6.2571319e+00
   1.0394185e+01
   3.6324566e+01
   1.9845238e+01
   1.9192088e+01
   1.9200132e+01
   1.6512388e+01
   2.0189569e+01
   3.5605199e+01
   1.7732654e+01
   4.4799229e+01
   2.7308489e+02
   1.1331335e+02
   6.6580666e+01
   1.1527437e+01
   5.8640354e+00
   1.0669650e+01
   7.2414379e+01
   1.0671318e+02
   1.2288987e+02
   1.1847243e+01
   1.3845245e+01
   1.7111583e+01
   1.1407068e+01
   1.0199065e+01
   1.4673307e+01
   4.1119596e+01
   1.7961816e+01
   1.8350194e+01
   3.0859611e+01
   1.6564185e+01
   2.1571405e+01
   1.1832037e+02
   1.0947568e+02
   1.5106615e+02
   1.4119337e+01
   1.0062019e+01
   1.1371360e+01
   4.8467678e+01
   1.4868330e+01
   2.5673064e+01
   3.0569137e+01
   1.3554085e+01
   1.5523736e+01
   1.9014527e+01
   5.9377674e+00
   8.2435098e+00
   2.8233867e+01
   2.5107125e+01
   1.4665852e+01
   1.9889284e+01
   7.2475691e+00
   1.8759369e+01
   1.7685076e+02
   3.5744501e+01
   7.6488962e+01
   1.4224500e+01
   7.0875975e+00
   9.2556369e+00
   2.8845913e+01
   1.2245725e+01
   1.5513632e+01
   1.6404772e+01
   9.4208765e+00
   1.4474949e+01
   7.7557860e+00
   1.2628805e+01
   9.2217728e+00
   1.0962184e+01
   8.1141453e+00
   9.3558853e+00
   3.9619941e+01
   1.3948250e+01
   2.4082275e+01
   2.0701062e+01
   9.3488809e+00
   1.7219395e+01
   8.2066144e+01
   7.7539417e+01
   1.4358406e+02
   8.8960612e+00
   7.4062557e+00
   1.2439374e+01
   4.0305955e+01
   1.8591029e+01
   2.0622386e+01
   2.3590401e+01
   1.2496174e+01
   2.2820611e+01
   8.4923502e+00
   5.2450146e+00
   1.2928109e+01
   2.7165460e+01
   1.2943706e+01
   1.6709765e+01
   1.0649147e+01
   7.3135904e+00
   8.2238113e+00
   2.2981691e+01
   3.1161073e+01
   2.8269281e+01
   1.1647707e+01
   5.2642814e+00
   9.5991929e+00
   1.3923529e+01
   1.0964343e+01
   2.1690204e+01
   1.7162006e+01
   1.4809470e+01
   2.4242080e+01
   1.3724877e+01
   8.0604846e+00
   1.2003810e+01
   4.6426021e+01
   2.4583075e+01
   2.7988813e+01
   2.4380695e+01
   1.1009272e+01
   1.2629296e+01
   8.9100993e+00
   5.2908469e+00
   1.0481200e+01
   1.5400130e+01
   9.5921101e+00
   9.5263242e+00
   2.2259479e+02
   1.6345814e+02
   4.5967698e+02
   1.7387735e+01
   1.2594667e+01
   1.7360168e+01
   1.3848287e+01
   5.6413092e+00
   1.1547547e+01
   1.4616606e+01
   1.4553822e+01
   1.7385086e+01
   1.8236005e+01
   1.3046417e+01
   2.1640762e+01
   2.4896112e+01
   1.7486914e+01
   2.2021782e+01
   1.6430867e+01
   5.2688038e+00
   1.8654598e+01
   2.5934501e+01
   1.7282473e+01
   3.2688784e+01
   1.8702569e+01
   8.1361982e+00
   6.5252294e+00
   3.7311844e+01
   2.4450444e+01
   3.6066367e+01
   8.6405597e+01
   3.9861463e+01
   7.3569310e+01
   1.2015680e+01
   1.0664255e+01
   8.1636564e+00
   2.6667602e+01
   1.4883045e+01
   1.4953481e+01
   3.2218885e+01
   2.2516697e+01
   2.1796348e+01
   5.5689016e+01
   2.4339591e+01
   5.3021971e+01
   1.8816463e+01
   9.6895038e+00
   1.5979018e+01
   5.9886224e+01
   5.0048560e+01
   5.3759192e+01
   2.6311205e+01
   1.0644439e+01
   1.3432244e+01
   2.5681108e+01
   1.4951813e+01
   3.2474141e+01
   2.4988621e+01
   1.0870265e+01
   2.2205327e+01
   2.4069031e+01
   1.1668406e+01
   1.8274559e+01
   9.9828522e+00
   5.6903690e+00
   1.0996323e+01
   4.2366153e+01
   5.1933846e+01
   6.8246993e+01
   2.3828686e+01
   1.2368742e+01
   1.3357492e+01
   2.2927834e+01
   8.3676847e+00
   1.4930722e+01
   2.1178907e+01
   1.6275869e+01
   2.0571178e+01
   4.5843405e+01
   2.5370033e+01
   5.2350084e+01
   1.0896948e+01
   9.5925025e+00
   1.1474266e+01
   2.9101561e+01
   1.3702019e+01
   2.3664663e+01
   2.8595365e+01
   3.8174634e+01
   2.7916317e+01
   2.1624673e+01
   1.0985238e+01
   2.7039107e+01
   1.4717649e+02
   8.8519652e+01
   1.1118850e+02
   1.5672162e+01
   1.3400656e+01
   1.1045962e+01
   6.6117928e+00
   4.2843115e+00
   1.0860357e+01
   4.1144513e+01
   2.4260915e+01
   4.0104653e+01
   1.9631870e+01
   9.0489010e+00
   1.5927418e+01
   1.8539723e+01
   1.1369888e+01
   1.2241899e+01
   7.1235904e+01
   4.3422493e+01
   3.0713540e+01
   1.4236468e+01
   1.1509582e+01
   1.4316714e+01
   3.2950515e+01
   1.9171192e+01
   5.8109143e+01
   1.6069074e+01
   1.0641005e+01
   1.2374530e+01
   1.6211712e+02
   6.3917545e+01
   7.0505353e+01
   1.3883210e+01
   1.9374161e+00
   7.8203652e+00
   1.0794433e+01
   9.9192834e+00
   1.5281331e+01
   1.7719313e+01
   9.5654956e+00
   3.4836585e+01
   1.2927814e+01
   1.1990763e+01
   1.8178224e+01
   1.2749272e+01
   8.9767190e+00
   1.4596691e+01
   1.7110210e+01
   7.6842319e+00
   1.3442643e+01
   9.6462711e+00
   3.3164863e+00
   1.2762908e+01
   1.2981279e+01
   7.1883462e+00
   5.7559292e+00
   2.1269944e+01
   1.0477178e+01
   1.5821666e+01
   4.2907370e+01
   2.7959383e+01
   3.0269638e+01
   1.6496986e+01
   1.3033664e+01
   1.5898675e+01
   2.8832473e+01
   2.2333054e+01
   3.5212014e+01
   1.5015578e+01
   8.1783223e+00
   1.6169038e+01
   2.3201631e+01
   7.0648186e+00
   1.4951029e+01
   4.1723500e+01
   2.5239658e+01
   3.7779585e+01
   3.5514554e+01
   1.9112725e+01
   2.4183906e+01
   2.0349373e+01
   7.5351689e+00
   1.8495185e+01
   8.6485352e+00
   7.2368664e+00
   1.4919538e+01
   1.8319194e+01
   2.1578763e+01
   3.4756045e+01
   1.6616865e+01
   1.5621934e+01
   1.9894484e+01
   5.2655960e+01
   2.4021845e+01
   4.9182729e+01
   5.5871678e+00
   4.3907402e+00
   8.6679198e+00
   1.5447905e+01
   7.6441482e+00
   1.8977445e+01
   9.8473761e+01
   4.8136100e+01
   8.2246942e+01
   1.5076106e+01
   5.7062514e+00
   1.0441960e+01
   3.6911695e+01
   7.7610245e+00
   1.4899526e+01
   8.6876575e+00
   9.0108970e+00
   1.6724775e+01
   2.6787676e+01
   4.9411989e+00
   1.1827230e+01
   9.5847133e+00
   7.3220761e+00
   1.3847305e+01
   1.2894951e+01
   3.2175917e+00
   7.7020174e+00
   7.0375174e+01
   4.5449436e+01
   3.1527770e+01
   4.8301497e+01
   1.7061650e+01
   3.9051844e+01
   1.3388001e+01
   1.5824020e+01
   3.6899825e+01
   1.0365148e+01
   6.0183271e+00
   8.1673449e+00
   1.2131046e+01
   1.0776874e+01
   1.5542670e+01
   9.5269815e+00
   1.0787370e+01
   1.2053939e+01
   1.4963585e+02
   3.9245395e+01
   5.3424868e+01
   2.1973125e+01
   2.0238520e+01
   1.5984904e+01
   9.4236430e+00
   8.6588455e+00
   1.4354777e+01
   1.9462157e+01
   6.2275351e+00
   1.1119341e+01
   4.4095950e+01
   1.9632262e+01
   6.6413700e+01
   7.4194502e+00
   1.0639926e+01
   1.4131501e+01
   2.1901119e+01
   1.7724316e+01
   2.1593085e+01
   5.3447431e+01
   2.3046633e+01
   3.0686857e+01
   2.4948498e+01
   1.3507487e+01
   1.7992521e+01
   1.4568831e+01
   5.0723782e+00
   8.1998847e+00
   1.8667939e+01
   8.6417663e+00
   2.0026723e+01
   2.1385800e+01
   2.6922270e+01
   1.6409481e+01
   5.3376308e+01
   3.6016238e+01
   6.3303636e+01
   9.2496430e+00
   1.5885431e+01
   8.7011266e+00
   2.1661559e+01
   9.1548293e+00
   2.0548222e+01
   1.8303988e+01
   1.2469000e+01
   1.3012376e+01
   1.7760613e+01
   1.5711696e+01
   2.4062557e+01
   3.6489276e+01
   6.6075942e+01
   2.2325696e+01
   8.1109472e+00
   6.0194258e+00
   1.1810848e+01
   2.6067524e+01
   9.6745239e+00
   2.0114620e+01
   2.8904576e+01
   1.8858155e+01
   2.5928026e+01
   6.0647088e+01
   3.6344284e+01
   6.6078492e+01
   3.7084252e+02
   1.8991866e+02
   9.3479882e+01
   1.9595769e+02
   1.2563275e+02
   1.0745482e+02
   2.9627966e+01
   3.4128499e+01
   1.4597280e+01
   1.8194411e+01
   2.0085877e+00
   1.2150372e+01
   1.8641060e+01
   9.3896807e+00
   2.0588443e+01
   2.4999706e+01
   2.7820768e+01
   2.5235734e+01
   1.6111257e+01
   6.2797440e+00
   1.7448949e+01
   1.8931828e+01
   1.2581129e+01
   2.4446128e+01
   2.6009547e+01
   1.3877030e+01
   1.9350617e+01
   1.1677530e+02
   3.6525769e+01
   7.4659397e+01
   5.8798099e+00
   2.7484775e+00
   1.1423353e+01
   3.6506345e+01
   1.9676506e+01
   3.7973725e+01
   3.0826748e+01
   8.3282191e+00
   2.2725159e+01
   6.5019797e+01
   2.5317648e+01
   2.0574121e+01
   1.1140825e+01
   4.8903635e+00
   1.7670557e+01
   9.0255728e+01
   9.5806422e+01
   1.2131144e+02
   1.1747769e+01
   8.1937927e+00
   9.1563205e+00
   2.2482852e+01
   1.3472956e+01
   2.6019259e+01
   1.3127644e+01
   7.6347404e+00
   1.7305723e+01
   1.3799335e+01
   8.6813889e+00
   2.1698052e+01
   2.8952940e+01
   1.5319688e+01
   1.9642857e+01
   3.4173037e+01
   1.0389967e+01
   3.0968797e+01
   4.7408100e+01
   2.1157423e+01
   2.2250257e+01
   3.1907319e+01
   2.6070566e+01
   2.1025381e+01
   2.1483409e+01
   3.2113722e+01
   6.4139055e+01
   9.1960215e+00
   3.6684593e+00
   1.1667622e+01
   1.2890536e+01
   8.2144820e+00
   1.8564640e+01
   1.2476750e+02
   5.7895187e+01
   9.1389666e+01
   1.2673833e+01
   8.5840541e+00
   1.8380310e+01
   1.7345944e+02
   5.5586501e+01
   7.8416725e+01
   1.0818860e+01
   4.2086273e+00
   1.2547775e+01
   1.5107792e+01
   4.3673629e+00
   9.0634296e+00
   1.5122017e+01
   2.6148064e+01
   1.4110115e+01
   1.0235950e+01
   1.3174634e+01
   1.6188756e+01
   1.8343327e+01
   2.2265659e+01
   2.4630556e+01
   7.5988456e+00
   3.8370834e+00
   7.7945747e+00
   2.6947579e+01
   1.5614185e+01
   2.3013475e+01
   1.2520111e+01
   8.9796031e+00
   6.4193108e+00
   1.3478646e+01
   8.1428494e+00
   8.9158283e+00
   8.6990764e+00
   6.2832069e+00
   5.7049957e+00
   1.0068003e+01
   2.7756806e+01
   1.5626545e+01
   8.5096354e+00
   6.4467690e+00
   1.0965422e+01
   2.2447536e+01
   7.6613844e+00
   1.5634099e+01
   8.1732996e+00
   6.0731944e+00
   6.1492710e+00
   1.0091351e+00
   7.8772534e-01
   1.1183890e+00
   1.5483025e+00
   1.8993141e+00
   2.9648371e+00
   7.3833199e+00
   2.0973976e+01
   7.2342766e+00
   7.6111964e+00
   3.7458995e+00
   6.5159393e+00
   1.0542905e+01
   4.0338033e+00
   5.6685221e+00
   3.3750520e+00
   6.1220776e-01
   1.7251670e+00
   1.9438907e+01
   1.1506247e+01
   2.0629743e+01
   7.5426834e+01
   5.9568478e+01
   1.4484759e+02
   1.2773993e+01
   9.5172990e+00
   9.8856351e+00
   1.5745933e+01
   4.5900499e+01
   8.0883940e+00
   1.4472399e+01
   1.3264101e+01
   2.2432625e+01
   1.2567787e+01
   1.1426197e+01
   1.3856527e+01
   4.6891604e+02
   1.9070738e+02
   3.6360274e+02
   1.2120745e+02
   7.7618584e+01
   1.3750579e+02
   8.9531554e+01
   3.4524431e+01
   6.3694957e+01
   4.1481291e+01
   2.3389983e+01
   3.2123335e+01
   2.3549199e+01
   1.6723205e+01
   2.7624077e+01
   3.6849205e+01
   1.4499082e+01
   2.5497073e+01
   4.1068486e+01
   1.2948415e+01
   2.8396124e+01
   1.4266192e+01
   5.7087039e+00
   7.6424511e+00
   1.4994879e+01
   6.4182121e+00
   1.9547602e+01
   2.1457805e+01
   1.7261774e+01
   2.2440571e+01
   1.9942258e+01
   1.1951523e+01
   3.2677306e+01
   1.3165412e+01
   3.3758957e+00
   9.9236979e+00
   1.6496104e+01
   9.1789816e+00
   1.7409905e+01
   2.9078725e+01
   1.7391279e+01
   3.4835919e+01
   2.2478242e+01
   1.5142029e+01
   2.1501166e+01
   2.2488131e+01
   1.5170752e+01
   2.1511951e+01
   5.9498800e+01
   4.2493847e+01
   7.1704254e+01
   1.4815641e+02
   8.6958814e+01
   1.1070146e+02
   2.4517647e+01
   1.7791739e+01
   3.3517099e+01
   3.1045147e+01
   2.5081821e+01
   4.4978028e+01
   1.9324418e+01
   1.4446177e+01
   1.9857097e+01
   2.8281253e+01
   2.3501045e+01
   3.8881389e+01
   1.1682620e+01
   1.4862823e+01
   8.9779563e+00
   2.0025447e+01
   8.1157541e+00
   1.3065448e+01
   2.0036610e+01
   8.1170001e+00
   1.3049852e+01
   7.2676208e+01
   1.4553920e+02
   3.9408143e+02
   7.2706322e+01
   1.4555283e+02
   3.9407921e+02
   4.7214451e+01
   5.8531267e+01
   5.1943950e+01
   4.7225252e+01
   5.8519164e+01
   5.1945130e+01
   2.5911251e+01
   1.2010481e+01
   1.9873588e+01
   2.5907476e+01
   1.2015744e+01
   1.9869462e+01
   1.5427206e+01
   6.9469907e+00
   1.9231426e+01
   8.0812916e+01
   4.4113019e+01
   7.4531769e+01
   1.5428505e+01
   6.9539671e+00
   1.9230890e+01
   8.0800258e+01
   4.4111576e+01
   7.4538326e+01
   3.6988969e+01
   1.5510223e+01
   3.6851026e+01
   2.4633008e+01
   1.1663011e+01
   3.4005973e+01
   2.4637086e+01
   1.1669380e+01
   3.3997666e+01
   3.9251183e+01
   1.6412326e+01
   4.7329522e+01
   3.9242836e+01
   1.6414942e+01
   4.7329454e+01
   2.3046067e+01
   1.2674952e+01
   1.3700104e+01
   1.4185911e+01
   1.0812493e+01
   2.0949549e+01
   1.1094225e+01
   5.0650714e+00
   5.9487664e+00
   1.4543846e+01
   7.8081945e+00
   6.9882225e+00
   1.1673276e+01
   5.8804033e+00
   1.0352039e+01
   2.1669661e+01
   1.6342596e+01
   1.3948579e+01
   1.5388137e+01
   1.0558830e+01
   1.3889918e+01
   3.3062616e+01
   3.2459808e+01
   2.8629951e+01
   1.9677046e+02
   6.4060782e+01
   2.9931267e+02
   1.2682236e+01
   1.8036288e+01
   1.3363187e+01
   9.5552843e+00
   3.8335056e+00
   1.3891330e+01
   8.1649060e+00
   5.3708157e+00
   1.5458515e+01
   1.4920005e+01
   6.3192043e+00
   1.4454494e+01
   3.6224108e+01
   3.4215987e+01
   3.0201767e+01
   2.1844335e+01
   1.7302401e+01
   1.8684057e+01
   3.3026461e+01
   9.5963773e+00
   1.4925986e+01
   1.8548110e+01
   6.9120833e+00
   1.5407331e+01
   9.2655126e+00
   7.5477366e+00
   1.5561174e+01
   3.2282870e+01
   1.5879423e+01
   4.9793934e+01
   2.9907962e+01
   1.7396137e+01
   3.1838174e+01
   2.9907962e+01
   1.7396137e+01
   3.1838174e+01
   2.4061209e+01
   1.4712104e+01
   1.7140014e+01
   2.2759314e+01
   8.6631358e+00
   1.6402476e+01
   1.1034063e+01
   1.2598351e+01
   1.2476995e+01
   2.5842675e+01
   2.5633655e+01
   3.3500530e+01
   3.2111136e+01
   1.3257195e+01
   2.5017935e+01
   2.2426996e+01
   1.2555657e+01
   1.6844771e+01
   1.6457311e+01
   1.4312567e+01
   1.8309369e+01
   8.4826474e+01
   3.1953270e+01
   6.6435978e+01
   1.3605611e+02
   1.0783779e+02
   1.2427571e+02
   3.2133203e+01
   2.1116696e+01
   3.4123485e+01
   1.4661672e+01
   8.9840924e+00
   1.8477683e+01
   8.7399090e+00
   1.0813837e+01
   1.2256858e+01
   1.7832391e+01
   8.7696615e+00
   1.3501012e+01
   1.7677504e+01
   7.6010523e+00
   1.3418237e+01
   1.6457311e+01
   1.4312567e+01
   1.8309369e+01
   8.4826474e+01
   3.1953270e+01
   6.6435978e+01
   1.3605611e+02
   1.0783779e+02
   1.2427571e+02
   3.2133203e+01
   2.1116696e+01
   3.4123485e+01
   1.4661672e+01
   8.9840924e+00
   1.8477683e+01
   8.7399090e+00
   1.0813837e+01
   1.2256858e+01
   1.7832391e+01
   8.7696615e+00
   1.3501012e+01
   1.7677504e+01
   7.6010523e+00
   1.3418237e+01
   9.9115622e+00
   3.3870496e+00
   1.5164596e+01
   1.1512187e+01
   6.6446529e+00
   7.5320423e+00
   1.0006407e+02
   2.4769959e+01
   4.2202922e+01
   3.2510273e+01
   1.5424027e+01
   2.8190608e+01
   1.4238156e+01
   1.0502946e+01
   3.3051163e+01
   1.9214972e+01
   1.6877058e+01
   2.0412690e+01
   9.7872573e+01
   4.8181961e+01
   4.7742047e+01
   3.7691767e+01
   1.0605396e+01
   1.3260385e+01
   1.1374303e+01
   9.0041013e+00
   1.3603236e+01
   6.4530513e+01
   2.4656413e+01
   3.8212090e+01
   6.6567040e+01
   3.4940450e+01
   4.8730662e+01
   2.7258939e+02
   1.0550438e+02
   3.6424970e+02
   4.3326313e+01
   3.6008543e+01
   3.9135897e+01
   4.0234465e+00
   2.7332356e+00
   5.0124876e+00
   6.9094879e+00
   3.1789644e+00
   9.7302799e+00
   1.6573888e+01
   1.1574259e+01
   1.9077558e+01
   1.8332003e+01
   8.8364462e+00
   1.6567688e+01
   7.9157859e+00
   7.1296257e+00
   1.0086677e+01
   1.9515222e+02
   9.5217556e+01
   1.6118720e+02
   3.2949993e+01
   2.8598774e+01
   4.3486310e+01
   4.8431368e+00
   3.9764905e+00
   1.3462938e+01
   3.2949993e+01
   2.8598774e+01
   4.3486310e+01
   4.8431368e+00
   3.9764905e+00
   1.3462938e+01
   2.5015299e+02
   1.5151637e+02
   3.8674544e+02
   1.8096331e+01
   1.3768408e+01
   1.4804642e+01
   7.6647101e+01
   3.0395152e+01
   4.2995044e+01
   2.4645986e+01
   1.1779133e+01
   4.7471743e+01
   2.1802765e+01
   1.0086199e+01
   2.2026146e+01
   1.1781950e+01
   1.0479681e+01
   1.2647493e+01
   2.7206085e+01
   1.8745369e+01
   3.6926391e+01
   2.6383454e+01
   1.6872890e+01
   2.3891429e+01
   1.8295669e+01
   8.1401102e+00
   1.4410225e+01
   1.0251259e+02
   7.8934073e+01
   1.4792711e+02
   3.5604908e+01
   2.2744679e+01
   4.3613090e+01
   3.1128815e+01
   1.9299060e+01
   2.7329802e+01
   8.1851972e+01
   8.7511359e+01
   4.0997245e+01
   4.2564295e+02
   1.1601251e+02
   1.7189779e+02
   1.3692075e+01
   8.1708216e+00
   1.3728783e+01
   3.0567199e+01
   1.4573730e+01
   1.6888778e+01
   1.1625533e+01
   4.7253700e+00
   7.2518229e+00
   1.2565125e+01
   3.2267726e+00
   7.0351772e+00
   2.1224148e+01
   6.6241459e+00
   1.5286855e+01
   1.0943995e+01
   1.6477359e+01
   1.1700739e+01
   1.9518069e+01
   1.9222997e+01
   2.0476258e+01
   9.6244618e+00
   5.6546792e+00
   1.0293203e+01
   1.0161253e+01
   4.6634944e+00
   7.7117923e+00
   2.1802765e+01
   1.0086199e+01
   2.2026146e+01
   1.1781950e+01
   1.0479681e+01
   1.2647493e+01
   2.7206085e+01
   1.8745369e+01
   3.6926391e+01
   2.6383454e+01
   1.6872890e+01
   2.3891429e+01
   1.8295669e+01
   8.1401102e+00
   1.4410225e+01
   1.0251259e+02
   7.8934073e+01
   1.4792711e+02
   3.5604908e+01
   2.2744679e+01
   4.3613090e+01
   3.1128815e+01
   1.9299060e+01
   2.7329802e+01
   8.1851972e+01
   8.7511359e+01
   4.0997245e+01
   4.2564295e+02
   1.1601251e+02
   1.7189779e+02
   1.3692075e+01
   8.1708216e+00
   1.3728783e+01
   3.0567199e+01
   1.4573730e+01
   1.6888778e+01
   1.1625533e+01
   4.7253700e+00
   7.2518229e+00
   1.2565125e+01
   3.2267726e+00
   7.0351772e+00
   2.1224148e+01
   6.6241459e+00
   1.5286855e+01
   1.0943995e+01
   1.6477359e+01
   1.1700739e+01
   1.9518069e+01
   1.9222997e+01
   2.0476258e+01
   9.6244618e+00
   5.6546792e+00
   1.0293203e+01
   1.0161253e+01
   4.6634944e+00
   7.7117923e+00
   1.3481460e+01
   6.1629405e+00
   1.0123122e+01
   2.0626425e+01
   1.9824009e+01
   3.3549763e+01
   1.9115084e+01
   1.2814828e+01
   2.6503497e+01
   1.5839595e+01
   5.6993898e+00
   1.3832894e+01
   2.2330591e+01
   1.1122471e+01
   1.3881475e+01
   7.7190955e+01
   6.3295004e+01
   1.1249545e+02
   1.1628061e+01
   6.4307492e+00
   1.0115223e+01
   1.3481460e+01
   6.1629405e+00
   1.0123122e+01
   2.0626425e+01
   1.9824009e+01
   3.3549763e+01
   1.9115084e+01
   1.2814828e+01
   2.6503497e+01
   1.5839595e+01
   5.6993898e+00
   1.3832894e+01
   2.2330591e+01
   1.1122471e+01
   1.3881475e+01
   7.7190955e+01
   6.3295004e+01
   1.1249545e+02
   1.1628061e+01
   6.4307492e+00
   1.0115223e+01
   8.6380171e+01
   2.7880134e+01
   1.3057409e+02
   2.2544945e+01
   8.1968903e+00
   1.5375303e+01
   4.4344951e+01
   1.6947753e+01
   3.2395516e+01
   3.7553184e+01
   1.9198648e+01
   5.4419671e+01
   1.7769799e+01
   8.5625795e+00
   1.3865730e+01
   1.7064866e+01
   8.1155450e+00
   1.6818876e+01
   6.8296763e+01
   3.6249837e+01
   3.2134530e+01
   3.8296775e+01
   2.9314525e+01
   3.3504210e+01
   1.3260790e+01
   8.3563150e+00
   1.3373399e+01
   1.3583563e+01
   4.1697955e+00
   8.5447560e+00
   2.6332237e+01
   2.0133278e+01
   3.0501902e+01
   3.8449727e+01
   2.3827259e+01
   3.7880194e+01
   2.2113038e+01
   2.4498458e+01
   2.2217112e+01
   4.6787026e+02
   4.6504817e+02
   6.0994138e+02
   9.6228545e+00
   4.0704693e+00
   1.0026017e+01
   1.0682284e+01
   4.5593566e+00
   8.7298335e+00
   1.1340871e+01
   1.0989248e+01
   1.5280808e+01
   1.4135498e+01
   8.6988550e+00
   1.7410261e+01
   1.7197422e+01
   8.1186052e+00
   1.1531276e+01
   1.2147609e+01
   6.6143452e+00
   1.3113903e+01
   6.0311609e+01
   5.9532976e+01
   7.9845531e+01
   3.6883067e+01
   3.5105615e+01
   2.9259352e+01
   2.2023622e+01
   1.6205537e+01
   2.6392554e+01
   3.2942630e+01
   6.0881404e+01
   4.5573166e+01
   3.2108378e+01
   1.7330512e+01
   4.1137061e+01
   5.8308647e+01
   2.2027118e+01
   3.9033921e+01
   3.1824137e+02
   1.0106899e+02
   3.2853886e+02
   3.9745996e+01
   1.9462743e+01
   4.3335603e+01
   1.0925738e+01
   6.7305410e+00
   1.3336380e+01
   1.1525710e+02
   8.2433236e+01
   7.8549484e+01
   1.8379585e+01
   9.5214034e+00
   1.9873269e+01
   1.1084268e+01
   3.5786284e+00
   8.3278737e+00
   1.3210339e+01
   4.4177440e+00
   7.3362719e+00
   1.1032034e+01
   4.4814136e+00
   1.1171272e+01
   9.7016436e+00
   4.8920704e+00
   1.0899157e+01
   1.4529028e+01
   7.4000452e+00
   1.4938205e+01
   1.2605219e+01
   3.1870255e+00
   9.0562223e+00
   1.1184855e+01
   6.0580034e+00
   1.3909510e+01
   1.7538215e+01
   6.2239626e+00
   1.0393814e+01
   1.0866494e+01
   6.2286906e+00
   1.2756868e+01
   1.7639492e+01
   8.6428237e+00
   1.9219486e+01
   1.1287786e+01
   1.0348792e+01
   9.6564591e+00
   2.0742819e+01
   1.1849808e+01
   2.2149643e+01
   1.6610564e+01
   9.9373630e+00
   1.7673090e+01
   1.0557380e+01
   4.9516070e+00
   9.9669983e+00
   8.8434957e+00
   7.2009043e+00
   1.1201371e+01
   9.7556763e+00
   4.5327445e+00
   1.2102453e+01
   3.7700429e+01
   2.6583921e+01
   3.3499536e+01
   3.9190256e+01
   3.1391015e+01
   2.5472244e+01
   3.3071478e+01
   1.9305542e+01
   3.4374485e+01
   6.7703771e+00
   2.9346580e+00
   1.0171162e+01
   1.2161873e+01
   4.6019463e+00
   7.5932058e+00
   2.3959212e+01
   9.6081774e+00
   2.1075930e+01
   2.2889562e+01
   1.2139370e+01
   2.3195202e+01
   1.2884759e+01
   7.0474925e+00
   1.7324677e+01
   1.5704291e+01
   1.1380683e+01
   1.9703971e+01
   1.2884759e+01
   7.0474925e+00
   1.7324677e+01
   1.5704291e+01
   1.1380683e+01
   1.9703971e+01
   2.6368562e+01
   2.3595030e+01
   2.1103883e+01
   1.0579802e+01
   2.2983172e+00
   8.6063150e+00
   1.0579802e+01
   2.2983172e+00
   8.6063150e+00
   1.2069768e+01
   5.2911164e+00
   1.1770028e+01
   1.3446295e+01
   2.4920837e+00
   5.3442904e+00
   1.0457656e+01
   9.2024766e+00
   1.3621157e+01
   1.5722013e+01
   8.0264917e+00
   2.6734321e+01
   4.9827695e+01
   2.3033003e+01
   4.9819402e+01
   1.5342394e+01
   1.0032531e+01
   1.4301247e+01
   1.1457589e+01
   7.2017600e+00
   9.9627920e+00
   2.2465005e+01
   2.3997779e+01
   2.9989258e+01
   1.1263399e+01
   8.9631699e+00
   1.6585176e+01
   2.2465005e+01
   2.3997779e+01
   2.9989258e+01
   1.1263399e+01
   8.9631699e+00
   1.6585176e+01
   9.8309171e+00
   4.0511600e+00
   8.7270310e+00
   1.7388219e+01
   6.2546011e+00
   1.9841150e+01
   4.8143414e+01
   1.7880376e+01
   1.7472711e+01
   1.2096541e+01
   8.6913310e+00
   1.3063982e+01
   1.0945866e+01
   4.6091415e+00
   1.2432605e+01
   9.8919321e+00
   7.8997067e+00
   1.0184304e+01
   1.6003442e+01
   1.1075570e+01
   1.6786355e+01
   6.5681654e+00
   1.8650246e+00
   1.1630396e+01
   2.0273186e+01
   7.7229301e+00
   2.0518083e+01
   3.4974868e+01
   1.0029105e+01
   2.7362784e+01
   1.5212067e+01
   1.0481828e+01
   2.4394064e+01
   3.2491338e+01
   1.1043172e+01
   2.7746337e+01
   7.7047543e+00
   4.9234223e+00
   1.5847709e+01
   1.7418965e+01
   8.8197457e+00
   1.4091278e+01
   1.3988313e+01
   8.2411044e+00
   7.2040913e+00
   3.7009973e+01
   3.4386819e+01
   3.5106805e+01
   2.0851585e+01
   8.9881097e+00
   1.9450394e+01
   1.4169827e+01
   1.1003658e+01
   1.1016333e+01
   5.6545900e+01
   4.5033047e+01
   1.2363541e+02
   3.7678293e+01
   2.5205575e+01
   4.7961265e+01
   2.0700224e+01
   1.5349938e+01
   4.2929383e+01
   2.4228570e+01
   1.4236493e+01
   1.6129124e+01
   1.6738370e+01
   1.1723901e+01
   1.5873331e+01
   2.9159010e+01
   2.5393738e+01
   2.5775562e+01
   6.5388094e+01
   4.3430159e+01
   4.7172151e+01
   9.1832817e+00
   9.9616177e+00
   1.1578814e+01
   1.6516551e+01
   9.6662827e+00
   1.8135046e+01
   6.8674622e+01
   2.1994131e+01
   4.0029739e+01
   1.5403038e+01
   6.8896764e+00
   1.1611878e+01
   1.1378574e+01
   4.4448678e+00
   8.6872274e+00
   1.1388691e+01
   3.6844432e+00
   6.1914112e+00
   7.5823846e+01
   2.1546375e+01
   3.9214904e+01
   6.0399262e+01
   1.9235775e+01
   3.9639578e+01
   1.7531622e+01
   8.1524539e+00
   1.6427943e+01
   1.9438801e+01
   4.4486720e+00
   1.4109209e+01
   8.2164873e+00
   4.8711406e+00
   1.6310302e+01
   1.2350005e+01
   3.1369237e+00
   8.0202172e+00
   1.0015440e+01
   4.0746423e+00
   1.0778170e+01
   1.1169288e+01
   4.7122824e+00
   8.7446932e+00
   1.0897525e+01
   3.2626344e+00
   5.7052542e+00
   6.3202956e+00
   3.2961956e+00
   1.0317487e+01
   2.1664995e+01
   1.5537415e+01
   1.8670907e+01
   1.4967816e+01
   1.0406977e+01
   1.5299590e+01
   2.1915562e+01
   1.4663069e+01
   2.7662125e+01
   1.3272910e+02
   3.4766035e+01
   1.1969571e+02
   2.7543290e+01
   1.5309424e+01
   2.3563769e+01
   7.9250245e+01
   3.5927731e+01
   7.7195014e+01
   1.0939141e+01
   1.1934966e+01
   1.9619963e+01
   1.0939141e+01
   1.1934966e+01
   1.9619963e+01
   2.1915562e+01
   1.4663069e+01
   2.7662125e+01
   1.3272910e+02
   3.4766035e+01
   1.1969571e+02
   2.7543290e+01
   1.5309424e+01
   2.3563769e+01
   7.9250245e+01
   3.5927731e+01
   7.7195014e+01
   1.0939141e+01
   1.1934966e+01
   1.9619963e+01
   1.0939141e+01
   1.1934966e+01
   1.9619963e+01
   2.4042921e+01
   6.9594356e+00
   2.3572988e+01
   2.1467840e+01
   4.6256266e+00
   1.7395803e+01
   2.4465193e+01
   4.0702972e+00
   1.8507526e+01
   1.7140005e+01
   4.3047150e+00
   1.2949944e+01
   3.4010187e+01
   1.1988179e+01
   2.4241367e+01
   2.3507192e+01
   1.0555073e+01
   2.0060002e+01
   2.9256549e+01
   1.0061222e+01
   1.8800589e+01
   1.2950780e+01
   7.1990818e+00
   1.3359242e+01
   2.9256549e+01
   1.0061222e+01
   1.8800589e+01
   1.2950780e+01
   7.1990818e+00
   1.3359242e+01
   2.6489095e+01
   7.6040928e+00
   8.1596099e+00
   2.0116693e+01
   6.6977967e+00
   2.2475742e+01
   1.2796385e+01
   1.1062677e+01
   2.2833200e+01
   1.4975369e+01
   1.2080347e+01
   1.1474822e+01
   5.8823967e+01
   2.2499754e+01
   6.5120835e+01
   1.2715201e+01
   5.2373702e+00
   9.8320827e+00
   1.2796385e+01
   1.1062677e+01
   2.2833200e+01
   1.4975369e+01
   1.2080347e+01
   1.1474822e+01
   5.8823967e+01
   2.2499754e+01
   6.5120835e+01
   1.2715201e+01
   5.2373702e+00
   9.8320827e+00
   3.8374595e+01
   1.6513100e+01
   3.0871739e+01
   2.1935704e+01
   1.2999145e+01
   2.1873826e+01
   1.9603036e+01
   1.0552720e+01
   2.7299373e+01
   6.6965707e+01
   1.8190216e+01
   5.1771214e+01
   1.4136971e+01
   8.6040775e+00
   1.3136189e+01
   8.4393197e+00
   4.8471565e+00
   1.3785338e+01
   3.0339662e+01
   1.7762552e+01
   4.1489426e+01
   1.4740605e+01
   9.0622940e+00
   1.2972725e+01
   2.8205174e+01
   1.5741955e+01
   2.3662148e+01
   1.1418294e+01
   6.7757687e+00
   3.1325816e+01
   5.2544842e+00
   5.0912742e+00
   1.2540174e+01
   5.5138319e+01
   3.2038814e+01
   5.8047353e+01
   5.7117488e+00
   4.0893613e+00
   1.1228543e+01
   2.3991475e+01
   6.3056165e+00
   1.0492463e+01
   2.2429120e+01
   1.4536842e+01
   1.8661338e+01
   4.0716242e+01
   1.0180295e+01
   2.4779010e+01
   2.1994505e+01
   1.7535763e+01
   2.9652862e+01
   1.9211466e+01
   1.0847406e+01
   1.5228013e+01
   3.7715533e+01
   1.9186575e+01
   4.2001155e+01
   1.6712630e+01
   1.4490035e+01
   2.4503730e+01
   1.7704665e+01
   1.8702029e+01
   1.6536363e+01
   1.8834241e+02
   8.3845692e+01
   1.5474662e+02
   1.9644726e+01
   9.0713596e+00
   1.7386185e+01
   7.0042870e+00
   3.9655434e+00
   1.0877464e+01
   1.8055278e+01
   3.4828148e+00
   1.2875990e+01
   1.0330323e+01
   9.0071648e+00
   8.1751333e+00
   5.6449372e+01
   1.7760299e+01
   5.2285546e+01
   2.8813910e+01
   1.5273609e+01
   5.4506227e+01
   2.6358538e+01
   6.6653453e+00
   1.8708271e+01
   1.1469158e+01
   5.3208341e+00
   1.1214897e+01
   1.7146061e+01
   5.3106778e+00
   2.4157760e+01
   8.1453327e+01
   5.0841119e+01
   7.4776172e+01
   1.1865860e+01
   3.8666632e+00
   1.1089736e+01
   4.2169170e+01
   2.7880003e+01
   3.1642040e+01
   1.3442238e+01
   1.1002740e+01
   8.6432511e+00
   1.3041332e+01
   3.8110472e+00
   1.0912590e+01
   3.0659825e+01
   1.1432685e+01
   3.2610165e+01
   1.2303253e+01
   3.4025672e+00
   1.4082807e+01
   6.1783153e+01
   3.1056746e+01
   4.9656039e+01
   1.5171851e+01
   1.6680679e+01
   1.3607525e+01
   8.8964872e+01
   2.0740057e+01
   8.6715976e+01
   7.6163543e+00
   4.8902229e+00
   1.8625478e+01
   1.5689331e+01
   1.3537263e+01
   2.3545307e+01
   2.4700631e+01
   5.7316560e+00
   1.5803374e+01
   3.7735542e+01
   1.1992373e+01
   3.4620344e+01
   6.1507098e+01
   2.0891958e+01
   4.5568479e+01
   9.4914324e+01
   4.3588350e+01
   7.6242448e+01
   4.7943182e+01
   2.9591461e+01
   9.3597105e+01
   2.2116862e+02
   9.7788992e+01
   2.2281353e+02
   1.8477045e+01
   9.5321221e+00
   1.6783746e+01
   2.9326948e+02
   1.4626228e+02
   2.2431800e+02
   4.9596520e+01
   3.0190161e+01
   3.0819002e+01
   3.1217340e+01
   2.2986414e+01
   3.0789244e+01
   1.0622251e+01
   5.3940887e+00
   1.6340635e+01
   1.3206755e+01
   5.5331595e+00
   1.0780049e+01
   2.7794589e+01
   1.5806023e+01
   2.9694900e+01
   9.2918170e+01
   6.7455662e+01
   9.0409960e+01
   2.9326948e+02
   1.4626228e+02
   2.2431800e+02
   4.9596520e+01
   3.0190161e+01
   3.0819002e+01
   3.1217340e+01
   2.2986414e+01
   3.0789244e+01
   1.0622251e+01
   5.3940887e+00
   1.6340635e+01
   1.3206755e+01
   5.5331595e+00
   1.0780049e+01
   2.7794589e+01
   1.5806023e+01
   2.9694900e+01
   9.2918170e+01
   6.7455662e+01
   9.0409960e+01
   1.2062732e+01
   1.3345272e+01
   1.1951817e+01
   1.4117483e+01
   5.3331035e+00
   1.2459567e+01
   1.2062732e+01
   1.3345272e+01
   1.1951817e+01
   1.0322136e+01
   5.2749125e+00
   9.4861782e+00
   1.8309911e+01
   6.8775403e+00
   2.5404754e+01
   1.6384724e+02
   6.2544765e+01
   1.5658473e+02
   2.2587383e+01
   3.8403924e+00
   1.5711148e+01
   6.8920510e+01
   2.2535560e+01
   3.5807506e+01
   5.1615590e+01
   3.4872387e+01
   5.4292434e+01
   1.5320557e+01
   7.1261579e+00
   1.4995413e+01
   1.3932910e+01
   9.0717816e+00
   1.4874529e+01
   1.8863120e+01
   9.5682750e+00
   1.9797930e+01
   1.1476510e+01
   6.7206116e+00
   9.5186731e+00
   1.0325956e+01
   6.2747096e+00
   1.1686953e+01
   1.7682195e+01
   7.1407874e+00
   1.4827423e+01
   1.5990133e+01
   1.2816355e+01
   3.5123197e+01
   3.9659421e+01
   8.7942090e+00
   4.3348006e+01
   1.3156486e+01
   1.0418695e+01
   1.8555203e+01
   2.0089163e+01
   1.1013961e+01
   2.4456579e+01
   1.1517926e+01
   5.7129075e+00
   8.1366051e+00
   9.9512403e+00
   4.9218033e+00
   6.5591753e+00
   2.0131710e+01
   1.7638353e+01
   1.4352504e+01
   3.4679490e+01
   2.0234871e+01
   3.3674368e+01
   1.0002144e+02
   6.0247281e+01
   5.9623019e+01
   1.5070540e+01
   4.1533611e+00
   1.1511263e+01
   1.2353330e+01
   3.3758087e+00
   4.7719054e+00
   5.5093758e+01
   2.4032136e+01
   5.9742127e+01
   1.9968376e+01
   6.1212806e+00
   1.4669148e+01
   1.6259858e+01
   4.2198648e+00
   1.0546541e+01
   1.1903419e+01
   5.7632372e+00
   1.1055655e+01
   3.1475291e+01
   1.9965957e+01
   1.0531932e+01
   1.4149416e+01
   3.6702979e+00
   1.2965091e+01
   1.4725055e+01
   8.1500829e+00
   1.2917649e+01
   2.1113394e+01
   8.3610076e+00
   7.4855143e+01
   5.6936955e+00
   6.7459705e+00
   1.7250508e+01
   2.6980113e+01
   1.0946276e+01
   2.9773565e+01
   2.6162340e+01
   1.8651541e+01
   3.5914293e+01
   2.7330293e+01
   9.1360385e+00
   2.5474427e+01
   4.7446760e+01
   2.2985606e+01
   3.3370751e+01
   1.5395796e+01
   7.3653720e+00
   1.2848198e+01
   9.0771801e+00
   5.4175439e+00
   9.8728059e+00
   7.3822565e+01
   4.0249060e+01
   6.3689599e+01
   1.4355595e+01
   2.1144108e+01
   2.0979729e+01
   7.3936139e+01
   6.3218682e+01
   7.9471124e+01
   7.7920292e+01
   2.6421655e+01
   5.7572147e+01
   2.9522654e+01
   3.4947873e+01
   3.7211733e+01
   1.4839487e+01
   8.5599890e+00
   1.2682839e+01
   1.0361918e+01
   8.5379174e+00
   1.7221489e+01
   1.4145008e+01
   1.0575249e+01
   2.0069213e+01
   1.9136729e+01
   8.6389535e+00
   2.3913479e+01
   9.0656619e+01
   4.8332180e+01
   1.0707743e+02
   1.8569180e+01
   1.1529399e+01
   1.7306049e+01
   1.5233730e+01
   8.9698356e+00
   1.2583410e+01
   1.2725484e+01
   5.6196704e+00
   1.0591353e+01
   4.4500726e+01
   2.0558225e+01
   4.3805291e+01
   1.2611131e+01
   6.7013385e+00
   1.0756426e+01
   1.0328996e+01
   4.3756750e+00
   6.6147097e+00
   9.6426047e+00
   5.0393575e+00
   1.2474379e+01
   2.2550562e+01
   1.2334367e+01
   3.8765229e+01
   2.0108960e+01
   1.0898800e+01
   1.5031147e+01
   2.6237865e+01
   1.9250271e+01
   2.1547717e+01
   4.5634614e+01
   2.4357937e+01
   2.5916929e+01
   1.9646214e+01
   7.2161056e+00
   1.0508240e+01
   5.8388607e+01
   5.2489461e+01
   5.3753771e+01
   2.0028358e+01
   1.0211705e+01
   1.2998633e+01
   1.1331169e+01
   1.0000446e+01
   2.5967104e+01
   2.0651813e+01
   1.5366901e+01
   2.2424511e+01
   1.2560136e+01
   3.7899164e+00
   1.1108722e+01
   1.6839134e+01
   1.4718697e+01
   1.3645376e+01
   9.6190019e+00
   4.3874142e+00
   1.1921951e+01
   1.9310464e+01
   1.1384101e+01
   1.5756576e+01
   1.7272244e+01
   6.2658410e+00
   1.1208317e+01
   1.4262173e+01
   1.1136671e+01
   1.9322482e+01
   7.6134851e+01
   2.4429409e+01
   6.4080424e+01
   2.7811630e+01
   8.1624018e+00
   1.3544556e+01
   2.1364676e+01
   1.0312088e+01
   2.1210538e+01
   1.3589513e+02
   7.4036124e+01
   1.4924255e+02
   3.6811739e+01
   2.1180631e+01
   2.5469410e+01
   1.7312716e+01
   1.0584013e+01
   1.7360122e+01
   1.9647515e+01
   1.3673737e+01
   2.6355513e+01
   2.3534561e+01
   9.5837921e+00
   1.3154565e+01
   6.1489642e+00
   2.4757002e+00
   2.1110145e+01
   3.2434813e+01
   1.8638501e+01
   2.4332302e+01
   3.0870822e+01
   4.2252086e+01
   6.4959313e+01
   2.4864379e+01
   1.3436465e+01
   4.3048281e+01
   1.4174307e+01
   1.6027900e+01
   1.6773798e+01
   1.2846882e+01
   6.6881415e+00
   2.0548706e+01
   1.7536291e+01
   6.2113896e+00
   8.6036397e+00
   1.8256790e+01
   1.2288879e+01
   1.9797724e+01
   1.5275835e+01
   4.8992733e+00
   1.1532447e+01
